frame_idx,host_t_s,infer_ms,fps_p50,tag_id,gt_dist_m,gt_z_m,depth_pred_m,abs_err_m,rel_err,reproj_px
15,1.1571,54.106,17.48,4,0.3142,0.3050,0.3074,0.0024,0.0079,0.241
16,1.2232,53.584,17.56,4,0.3135,0.3052,0.3076,0.0024,0.0080,0.218
17,1.2900,53.599,17.48,4,0.3128,0.3060,0.3086,0.0026,0.0084,0.242
18,1.3567,53.929,17.48,4,0.3127,0.3073,0.3098,0.0025,0.0082,0.200
19,1.4232,53.666,17.48,4,0.3123,0.3086,0.3110,0.0024,0.0079,0.305
20,1.4896,53.470,17.49,4,0.3122,0.3091,0.3116,0.0025,0.0081,0.197
21,1.5561,53.935,17.50,4,0.3119,0.3096,0.3120,0.0025,0.0079,0.344
22,1.6239,53.538,17.49,4,0.3124,0.3107,0.3133,0.0025,0.0081,0.258
23,1.6913,53.488,17.50,4,0.3126,0.3115,0.3143,0.0029,0.0092,0.354
24,1.7584,53.861,17.51,4,0.3134,0.3126,0.3152,0.0026,0.0084,0.329
25,1.8261,53.838,17.50,4,0.3140,0.3132,0.3157,0.0026,0.0083,0.294
26,1.8932,53.314,17.51,4,0.3145,0.3135,0.3164,0.0030,0.0095,0.315
27,1.9595,53.390,17.52,4,0.3148,0.3137,0.3165,0.0028,0.0088,0.299
28,2.0278,53.766,17.51,4,0.3151,0.3141,0.3173,0.0031,0.0100,0.295
29,2.0959,53.888,17.50,4,0.3153,0.3143,0.3170,0.0027,0.0086,0.385
30,2.1631,53.853,17.51,4,0.3162,0.3153,0.3181,0.0027,0.0087,0.262
31,2.2423,53.646,17.50,4,0.3167,0.3164,0.3193,0.0029,0.0092,0.272
32,2.3098,53.741,17.51,4,0.3167,0.3165,0.3196,0.0032,0.0100,0.314
33,2.3778,53.675,17.50,4,0.3171,0.3169,0.3198,0.0029,0.0093,0.292
34,2.4440,53.678,17.51,4,0.3183,0.3182,0.3212,0.0030,0.0094,0.257
35,2.5122,53.630,17.50,4,0.3182,0.3180,0.3211,0.0031,0.0097,0.299
36,2.5793,54.116,17.50,4,0.3173,0.3167,0.3195,0.0027,0.0087,0.146
37,2.6452,53.656,17.51,,,,,,,
38,2.7138,54.152,17.50,4,0.3159,0.3095,0.3124,0.0029,0.0093,0.255
39,2.7816,53.957,17.51,4,0.3163,0.3087,0.3110,0.0023,0.0075,0.322
40,2.8490,54.009,17.50,4,0.3166,0.3106,0.3133,0.0026,0.0084,0.250
41,2.9168,54.185,17.50,4,0.3171,0.3139,0.3167,0.0028,0.0090,0.281
42,2.9848,53.980,17.50,4,0.3190,0.3172,0.3193,0.0021,0.0067,0.327
43,3.0523,54.052,17.50,4,0.3201,0.3194,0.3227,0.0033,0.0103,0.196
44,3.1197,54.137,17.49,4,0.3212,0.3208,0.3236,0.0028,0.0088,0.083
45,3.1909,56.955,17.48,4,0.3208,0.3203,0.3238,0.0035,0.0109,0.313
46,3.2582,53.712,17.49,4,0.3178,0.3170,0.3199,0.0028,0.0089,0.293
47,3.3249,53.623,17.50,4,0.3139,0.3132,0.3163,0.0031,0.0098,0.275
48,3.3920,53.657,17.49,4,0.3108,0.3101,0.3129,0.0027,0.0088,0.260
49,3.4586,53.821,17.50,4,0.3088,0.3080,0.3108,0.0028,0.0091,0.222
50,3.5260,53.585,17.50,4,0.3067,0.3060,0.3091,0.0030,0.0100,0.310
51,3.5933,53.633,17.50,4,0.3049,0.3041,0.3072,0.0031,0.0101,0.301
52,3.6590,53.535,17.50,,,,,,,
53,3.7254,53.589,17.50,4,0.3066,0.3050,0.3076,0.0027,0.0087,0.390
54,3.7923,53.760,17.50,4,0.3067,0.3033,0.3059,0.0027,0.0088,0.400
55,3.8586,53.518,17.51,4,0.3068,0.3014,0.3043,0.0029,0.0096,0.186
56,3.9248,53.645,17.51,4,0.3067,0.3014,0.3038,0.0024,0.0080,0.217
57,3.9935,54.259,17.51,4,0.3074,0.3030,0.3056,0.0026,0.0086,0.209
58,4.0608,53.363,17.51,4,0.3080,0.3050,0.3078,0.0028,0.0092,0.153
59,4.1287,53.392,17.51,4,0.3088,0.3070,0.3099,0.0029,0.0095,0.192
60,4.1963,53.929,17.51,4,0.3096,0.3084,0.3115,0.0030,0.0099,0.201
61,4.2737,53.827,17.51,4,0.3102,0.3090,0.3122,0.0032,0.0103,0.276
62,4.3427,53.810,17.51,4,0.3107,0.3093,0.3125,0.0031,0.0101,0.211
63,4.4094,53.706,17.51,4,0.3108,0.3086,0.3117,0.0031,0.0102,0.161
64,4.4768,53.763,17.51,4,0.3114,0.3078,0.3105,0.0028,0.0089,0.375
65,4.5438,53.383,17.51,4,0.3125,0.3072,0.3099,0.0027,0.0088,0.252
66,4.6105,53.455,17.51,4,0.3129,0.3073,0.3098,0.0025,0.0082,0.232
67,4.6772,53.657,17.51,4,0.3125,0.3084,0.3115,0.0031,0.0101,0.358
68,4.7430,53.334,17.51,4,0.3106,0.3084,0.3130,0.0046,0.0148,0.786
69,4.8092,53.248,17.52,4,0.3127,0.3114,0.3141,0.0027,0.0087,0.311
70,4.8758,53.512,17.52,4,0.3124,0.3107,0.3138,0.0031,0.0100,0.215
71,4.9431,53.333,17.53,4,0.3115,0.3097,0.3127,0.0030,0.0095,0.292
72,5.0102,53.408,17.53,4,0.3107,0.3091,0.3118,0.0027,0.0088,0.360
73,5.0763,53.626,17.53,4,0.3093,0.3075,0.3112,0.0037,0.0120,0.414
74,5.1446,53.388,17.53,4,0.3094,0.3065,0.3101,0.0036,0.0118,0.447
75,5.2126,55.266,17.53,4,0.3095,0.3055,0.3083,0.0028,0.0092,0.217
76,5.2806,53.379,17.52,4,0.3094,0.3049,0.3077,0.0028,0.0093,0.233
77,5.3478,54.144,17.52,4,0.3094,0.3058,0.3085,0.0027,0.0090,0.273
78,5.4191,55.718,17.52,4,0.3088,0.3066,0.3102,0.0035,0.0116,0.429
79,5.4905,58.308,17.52,4,0.3092,0.3079,0.3107,0.0028,0.0091,0.301
80,5.5634,57.497,17.51,4,0.3093,0.3081,0.3112,0.0031,0.0099,0.266
81,5.6371,58.288,17.51,4,0.3086,0.3075,0.3104,0.0030,0.0096,0.276
82,5.7113,58.043,17.51,4,0.3080,0.3066,0.3099,0.0033,0.0109,0.348
83,5.7819,57.930,17.51,4,0.3085,0.3062,0.3092,0.0030,0.0096,0.286
84,5.8539,57.280,17.50,4,0.3084,0.3049,0.3079,0.0029,0.0097,0.276
85,5.9252,57.441,17.50,4,0.3077,0.3050,0.3079,0.0030,0.0098,0.262
86,5.9982,57.140,17.50,4,0.3072,0.3057,0.3086,0.0030,0.0097,0.302
87,6.0705,58.310,17.50,4,0.3065,0.3058,0.3089,0.0030,0.0099,0.235
88,6.1430,57.636,17.50,4,0.3061,0.3056,0.3085,0.0029,0.0096,0.283
89,6.2138,57.439,17.50,4,0.3058,0.3053,0.3081,0.0028,0.0092,0.304
90,6.2826,53.719,17.49,4,0.3049,0.3044,0.3075,0.0031,0.0103,0.272
91,6.3596,53.477,17.50,4,0.3043,0.3037,0.3066,0.0029,0.0096,0.289
92,6.4316,57.335,17.49,4,0.3044,0.3038,0.3066,0.0028,0.0091,0.302
93,6.5050,60.594,17.49,4,0.3051,0.3046,0.3075,0.0029,0.0096,0.296
94,6.5801,60.372,17.48,4,0.3057,0.3053,0.3083,0.0030,0.0097,0.295
95,6.6532,60.123,17.48,4,0.3061,0.3057,0.3089,0.0032,0.0105,0.269
96,6.7267,58.186,17.46,4,0.3057,0.3049,0.3080,0.0031,0.0102,0.281
97,6.7995,59.280,17.44,4,0.3055,0.3035,0.3065,0.0029,0.0097,0.367
98,6.8711,55.472,17.44,4,0.3051,0.3022,0.3051,0.0029,0.0096,0.286
99,6.9389,54.459,17.43,4,0.3052,0.3031,0.3063,0.0032,0.0105,0.407
100,7.0084,53.651,17.40,,,,,,,
101,7.0754,53.854,17.43,4,0.3087,0.3079,0.3110,0.0032,0.0103,0.224
102,7.1431,53.509,17.44,4,0.3094,0.3077,0.3106,0.0029,0.0094,0.323
103,7.2106,53.446,17.45,4,0.3090,0.3078,0.3106,0.0028,0.0090,0.320
104,7.2812,55.704,17.43,4,0.3077,0.3072,0.3102,0.0030,0.0098,0.203
105,7.3528,58.160,17.43,4,0.3074,0.3066,0.3099,0.0033,0.0106,0.248
106,7.4244,56.845,17.38,4,0.3086,0.3070,0.3098,0.0028,0.0091,0.224
107,7.4907,53.258,17.38,4,0.3095,0.3073,0.3102,0.0029,0.0095,0.259
108,7.5572,53.633,17.38,4,0.3099,0.3073,0.3103,0.0030,0.0096,0.359
109,7.6243,54.563,17.37,4,0.3109,0.3085,0.3113,0.0028,0.0092,0.272
110,7.6946,56.897,17.34,4,0.3115,0.3096,0.3126,0.0030,0.0098,0.262
111,7.7668,56.575,17.30,4,0.3115,0.3097,0.3128,0.0031,0.0099,0.270
112,7.8383,58.036,17.27,4,0.3110,0.3087,0.3115,0.0029,0.0093,0.220
113,7.9078,56.712,17.24,4,0.3100,0.3063,0.3090,0.0027,0.0090,0.303
114,7.9786,56.325,17.22,4,0.3096,0.3045,0.3073,0.0028,0.0092,0.251
115,8.0479,56.663,17.18,4,0.3116,0.3062,0.3089,0.0027,0.0088,0.290
116,8.1178,57.213,17.14,4,0.3195,0.3154,0.3189,0.0034,0.0109,0.251
117,8.1875,56.714,17.00,4,0.3287,0.3256,0.3285,0.0029,0.0091,0.208
118,8.2577,57.275,16.79,4,0.3367,0.3330,0.3363,0.0033,0.0100,0.387
119,8.3298,56.294,16.71,4,0.3344,0.3296,0.3324,0.0029,0.0087,0.311
120,8.4000,56.950,16.68,4,0.3219,0.3177,0.3204,0.0027,0.0084,0.262
121,8.4802,56.919,16.66,4,0.3087,0.3054,0.3081,0.0027,0.0090,0.182
122,8.5522,56.484,16.66,4,0.3052,0.3029,0.3055,0.0026,0.0086,0.293
123,8.6222,57.318,16.64,,,,,,,
124,8.6891,53.683,16.64,4,0.3320,0.3280,0.3313,0.0033,0.0100,0.524
125,8.7563,54.505,16.64,4,0.3321,0.3265,0.3299,0.0034,0.0104,0.442
126,8.8237,53.829,16.64,4,0.3191,0.3141,0.3171,0.0030,0.0095,0.255
127,8.8915,53.972,16.64,4,0.3127,0.3081,0.3113,0.0032,0.0104,0.256
128,8.9593,53.797,16.64,4,0.3232,0.3187,0.3213,0.0026,0.0083,0.113
129,9.0281,54.168,16.64,4,0.3376,0.3309,0.3335,0.0026,0.0078,0.355
130,9.0961,54.022,16.64,4,0.3389,0.3307,0.3340,0.0033,0.0101,0.515
131,9.1635,53.592,16.64,4,0.3271,0.3203,0.3233,0.0031,0.0096,0.118
132,9.2313,53.505,16.64,4,0.3230,0.3173,0.3203,0.0030,0.0093,0.160
133,9.2999,53.954,16.64,4,0.3332,0.3273,0.3304,0.0031,0.0094,0.295
134,9.3678,53.979,16.64,4,0.3376,0.3314,0.3349,0.0036,0.0108,0.219
135,9.4403,57.947,16.61,4,0.3282,0.3235,0.3264,0.0029,0.0089,0.024
136,9.5105,55.882,16.61,4,0.3215,0.3189,0.3220,0.0032,0.0099,0.376
137,9.5791,54.362,16.61,4,0.3293,0.3266,0.3300,0.0033,0.0102,0.230
138,9.6470,53.949,16.61,4,0.3362,0.3329,0.3362,0.0034,0.0101,0.229
139,9.7143,54.107,16.64,4,0.3276,0.3248,0.3282,0.0035,0.0107,0.280
140,9.7815,53.794,16.66,4,0.3264,0.3238,0.3272,0.0034,0.0104,0.207
141,9.8500,53.800,16.68,4,0.3364,0.3327,0.3358,0.0031,0.0092,0.133
142,9.9190,55.907,16.71,4,0.3397,0.3344,0.3380,0.0036,0.0106,0.246
143,9.9900,57.369,16.71,4,0.3319,0.3269,0.3301,0.0032,0.0098,0.214
144,10.0590,55.917,16.79,4,0.3275,0.3241,0.3274,0.0033,0.0102,0.233
145,10.1278,55.927,16.84,4,0.3376,0.3334,0.3368,0.0034,0.0102,0.122
146,10.1969,55.590,16.86,4,0.3466,0.3403,0.3442,0.0039,0.0114,0.211
147,10.2657,55.754,16.88,4,0.3403,0.3335,0.3366,0.0032,0.0096,0.215
148,10.3360,57.105,16.88,4,0.3287,0.3244,0.3278,0.0034,0.0106,0.249
149,10.4066,56.942,16.88,4,0.3356,0.3310,0.3341,0.0031,0.0094,0.283
150,10.4756,56.053,16.86,4,0.3438,0.3356,0.3395,0.0039,0.0117,0.329
151,10.5565,57.187,16.84,,,,,,,
152,10.6256,55.979,16.85,4,0.3338,0.3298,0.3331,0.0034,0.0102,0.198
153,10.6958,56.116,16.85,,,,,,,
154,10.7624,54.008,16.86,4,0.3440,0.3340,0.3374,0.0034,0.0101,0.214
155,10.8300,54.015,16.88,4,0.3344,0.3272,0.3301,0.0029,0.0088,0.454
156,10.8967,53.573,16.90,4,0.3326,0.3283,0.3313,0.0030,0.0091,0.147
157,10.9643,53.621,16.95,4,0.3369,0.3312,0.3343,0.0032,0.0096,0.525
158,11.0313,54.105,17.00,4,0.3361,0.3285,0.3315,0.0030,0.0091,0.311
159,11.0985,53.831,17.00,,,,,,,
160,11.1656,54.222,17.00,4,0.3339,0.3315,0.3347,0.0033,0.0098,0.412
161,11.2331,54.108,17.00,4,0.3392,0.3341,0.3377,0.0036,0.0108,0.261
162,11.3008,53.745,17.00,4,0.3352,0.3295,0.3326,0.0031,0.0095,0.292
163,11.3677,54.058,17.00,4,0.3299,0.3274,0.3301,0.0027,0.0081,0.591
164,11.4354,54.305,17.16,,,,,,,
165,11.5056,57.437,17.16,4,0.3396,0.3330,0.3365,0.0035,0.0104,0.291
166,11.5759,57.029,17.16,4,0.3305,0.3256,0.3314,0.0058,0.0178,0.985
167,11.6422,54.026,17.16,4,0.3324,0.3300,0.3335,0.0035,0.0107,0.308
168,11.7084,53.751,17.16,,,,,,,
169,11.7757,53.695,17.16,4,0.3387,0.3330,0.3358,0.0029,0.0087,0.252
170,11.8420,53.549,17.31,4,0.3326,0.3301,0.3334,0.0034,0.0102,0.980
171,11.9093,53.937,17.34,4,0.3397,0.3352,0.3383,0.0031,0.0092,0.466
172,11.9772,54.966,17.34,4,0.3412,0.3348,0.3384,0.0036,0.0107,0.256
173,12.0462,56.048,17.34,,,,,,,
174,12.1153,56.379,17.34,4,0.3362,0.3330,0.3361,0.0032,0.0095,0.290
175,12.1848,56.370,17.34,4,0.3419,0.3360,0.3397,0.0036,0.0108,0.202
176,12.2557,57.428,17.34,,,,,,,
177,12.3263,57.723,17.34,,,,,,,
178,12.3972,56.377,17.34,4,0.3424,0.3346,0.3380,0.0034,0.0102,0.112
179,12.4662,56.019,17.34,4,0.3351,0.3270,0.3303,0.0033,0.0101,0.423
180,12.5368,57.489,17.34,4,0.3306,0.3269,0.3299,0.0029,0.0090,0.238
181,12.6179,56.272,17.34,4,0.3385,0.3316,0.3350,0.0034,0.0102,0.424
182,12.6878,56.743,17.34,4,0.3322,0.3263,0.3303,0.0040,0.0124,0.523
183,12.7596,57.694,17.34,4,0.3349,0.3311,0.3335,0.0024,0.0072,0.154
184,12.8281,55.405,17.31,4,0.3417,0.3343,0.3377,0.0034,0.0102,0.281
185,12.8958,54.482,17.28,4,0.3410,0.3323,0.3358,0.0035,0.0105,0.314
186,12.9643,54.676,17.24,4,0.3368,0.3303,0.3340,0.0037,0.0112,0.947
187,13.0313,54.062,17.24,4,0.3353,0.3304,0.3337,0.0033,0.0099,0.308
188,13.0980,53.708,17.24,4,0.3374,0.3321,0.3356,0.0035,0.0106,0.331
189,13.1642,53.501,17.24,4,0.3389,0.3342,0.3375,0.0033,0.0099,0.246
190,13.2326,55.259,17.21,4,0.3388,0.3354,0.3391,0.0037,0.0109,0.240
191,13.2994,54.485,17.21,4,0.3377,0.3348,0.3382,0.0034,0.0101,0.312
192,13.3672,54.853,17.21,4,0.3392,0.3349,0.3382,0.0032,0.0096,0.184
193,13.4353,55.320,17.16,4,0.3411,0.3352,0.3387,0.0035,0.0105,0.269
194,13.5035,54.968,17.16,4,0.3415,0.3359,0.3392,0.0033,0.0098,0.259
195,13.5735,57.380,17.16,4,0.3427,0.3373,0.3408,0.0035,0.0104,0.271
196,13.6430,56.505,17.16,4,0.3438,0.3384,0.3423,0.0039,0.0115,0.234
197,13.7155,58.598,17.09,4,0.3439,0.3381,0.3417,0.0036,0.0107,0.271
198,13.7862,57.718,17.04,4,0.3423,0.3362,0.3397,0.0035,0.0104,0.268
199,13.8562,57.425,17.03,4,0.3418,0.3355,0.3390,0.0035,0.0104,0.283
200,13.9240,54.829,17.03,4,0.3425,0.3362,0.3398,0.0036,0.0108,0.278
201,13.9915,54.124,17.03,4,0.3434,0.3373,0.3409,0.0036,0.0107,0.279
202,14.0607,56.117,17.03,4,0.3439,0.3381,0.3416,0.0035,0.0104,0.264
203,14.1323,58.537,17.03,4,0.3437,0.3380,0.3417,0.0037,0.0110,0.247
204,14.2052,59.495,17.03,4,0.3432,0.3378,0.3415,0.0038,0.0112,0.200
205,14.2783,58.722,17.03,4,0.3423,0.3371,0.3405,0.0034,0.0100,0.267
206,14.3498,58.017,17.03,4,0.3414,0.3363,0.3396,0.0033,0.0098,0.276
207,14.4227,60.179,16.99,4,0.3410,0.3358,0.3392,0.0033,0.0100,0.278
208,14.4947,58.800,16.99,4,0.3412,0.3361,0.3396,0.0035,0.0105,0.276
209,14.5660,57.945,16.99,4,0.3416,0.3367,0.3402,0.0036,0.0106,0.276
210,14.6389,59.989,16.99,4,0.3422,0.3374,0.3408,0.0033,0.0099,0.266
211,14.7224,59.023,16.99,4,0.3426,0.3378,0.3414,0.0036,0.0105,0.269
212,14.7981,62.107,16.99,4,0.3424,0.3376,0.3411,0.0036,0.0106,0.282
213,14.8692,57.768,16.99,4,0.3422,0.3372,0.3406,0.0034,0.0101,0.287
214,14.9393,57.209,16.93,4,0.3422,0.3372,0.3407,0.0036,0.0106,0.280
215,15.0073,54.788,16.93,4,0.3424,0.3374,0.3409,0.0035,0.0104,0.283
216,15.0748,54.475,16.93,4,0.3427,0.3377,0.3414,0.0037,0.0110,0.265
217,15.1428,54.401,16.93,4,0.3428,0.3378,0.3412,0.0034,0.0101,0.261
218,15.2103,54.484,16.93,4,0.3425,0.3375,0.3409,0.0034,0.0101,0.274
219,15.2783,55.109,16.93,4,0.3421,0.3370,0.3405,0.0035,0.0103,0.269
220,15.3459,54.618,16.93,4,0.3421,0.3371,0.3407,0.0037,0.0108,0.262
221,15.4139,54.065,16.93,4,0.3423,0.3374,0.3410,0.0036,0.0108,0.276
222,15.4807,53.985,16.93,4,0.3423,0.3372,0.3406,0.0034,0.0102,0.274
223,15.5471,53.797,16.93,4,0.3423,0.3373,0.3407,0.0034,0.0101,0.273
224,15.6158,55.583,16.93,4,0.3425,0.3374,0.3410,0.0036,0.0106,0.271
225,15.6911,61.897,16.93,4,0.3427,0.3377,0.3413,0.0037,0.0108,0.272
226,15.7643,59.502,16.93,4,0.3428,0.3378,0.3413,0.0035,0.0104,0.258
227,15.8384,60.521,16.89,4,0.3430,0.3382,0.3419,0.0037,0.0109,0.276
228,15.9114,60.208,16.86,4,0.3435,0.3386,0.3426,0.0040,0.0118,0.293
229,15.9835,58.899,16.80,4,0.3434,0.3387,0.3423,0.0036,0.0106,0.276
230,16.0520,55.897,16.80,4,0.3432,0.3384,0.3423,0.0039,0.0116,0.267
231,16.1214,57.113,16.73,4,0.3436,0.3387,0.3424,0.0037,0.0108,0.269
232,16.1967,61.985,16.73,4,0.3439,0.3392,0.3429,0.0037,0.0109,0.273
233,16.2684,58.017,16.67,4,0.3439,0.3394,0.3430,0.0036,0.0106,0.274
234,16.3398,58.089,16.62,4,0.3437,0.3391,0.3429,0.0038,0.0112,0.271
235,16.4113,58.498,16.61,4,1.1658,0.9425,0.3584,-0.5841,-0.6198,1.928
236,16.4840,59.311,16.61,4,0.3425,0.3377,0.3412,0.0035,0.0105,0.283
237,16.5555,57.913,16.61,4,0.3419,0.3373,0.3408,0.0036,0.0105,0.294
238,16.6259,56.296,16.62,4,0.3419,0.3371,0.3408,0.0037,0.0109,0.286
239,16.6958,56.794,16.62,4,0.3422,0.3373,0.3407,0.0034,0.0100,0.293
240,16.7663,56.798,16.63,4,0.3426,0.3378,0.3414,0.0035,0.0105,0.274
241,16.8478,56.362,16.63,4,0.3426,0.3378,0.3416,0.0039,0.0115,0.277
242,16.9189,56.812,16.63,4,0.3421,0.3372,0.3409,0.0037,0.0111,0.287
243,16.9889,56.482,16.65,4,0.3418,0.3369,0.3403,0.0035,0.0103,0.269
244,17.0573,55.103,16.65,4,0.3416,0.3368,0.3403,0.0035,0.0103,0.270
245,17.1245,53.770,16.65,4,0.3415,0.3367,0.3402,0.0035,0.0105,0.246
246,17.1923,54.864,16.65,4,0.3413,0.3367,0.3402,0.0035,0.0105,0.291
247,17.2597,53.771,16.65,4,0.3414,0.3370,0.3406,0.0036,0.0107,0.272
248,17.3284,55.080,16.65,4,0.3415,0.3370,0.3405,0.0035,0.0105,0.281
249,17.4121,55.997,16.65,4,0.3415,0.3367,0.3401,0.0034,0.0102,0.257
250,17.4806,55.334,16.65,4,1.1434,0.9252,0.3581,-0.5671,-0.6130,1.725
251,17.5506,56.239,16.65,4,0.3426,0.3358,0.3395,0.0036,0.0109,0.290
252,17.6224,58.734,16.63,4,0.3428,0.3371,0.3407,0.0036,0.0107,0.290
253,17.6912,55.336,16.63,4,0.3426,0.3371,0.3406,0.0034,0.0102,0.273
254,17.7584,53.804,16.63,4,1.1589,0.9298,0.3523,-0.5774,-0.6211,2.062
255,17.8288,57.257,16.63,4,0.3422,0.3380,0.3417,0.0037,0.0109,0.238
256,17.8979,56.139,16.63,4,0.3420,0.3380,0.3416,0.0036,0.0107,0.235
257,17.9652,54.090,16.65,4,0.3417,0.3374,0.3412,0.0038,0.0112,0.261
258,18.0325,54.131,16.70,4,0.3412,0.3373,0.3408,0.0035,0.0103,0.253
259,18.0988,53.695,16.73,4,0.3412,0.3376,0.3413,0.0037,0.0108,0.273
260,18.1659,53.828,16.73,4,0.3413,0.3380,0.3419,0.0038,0.0114,0.310
261,18.2332,54.188,16.73,4,0.3415,0.3385,0.3421,0.0036,0.0106,0.276
262,18.3036,55.739,16.73,4,0.3412,0.3382,0.3420,0.0038,0.0111,0.325
263,18.3774,59.864,16.73,4,0.3410,0.3380,0.3418,0.0038,0.0114,0.273
264,18.4465,56.318,16.77,4,0.3409,0.3378,0.3417,0.0039,0.0115,0.265
265,18.5156,56.104,16.80,4,0.3408,0.3377,0.3414,0.0037,0.0109,0.264
266,18.5865,57.678,16.80,4,0.3401,0.3370,0.3404,0.0035,0.0103,0.257
267,18.6573,57.994,16.80,4,0.3397,0.3361,0.3398,0.0037,0.0109,0.283
268,18.7274,56.882,16.80,4,0.3394,0.3358,0.3394,0.0036,0.0108,0.331
269,18.7973,56.353,16.80,4,0.3401,0.3368,0.3405,0.0037,0.0111,0.289
270,18.8666,56.274,16.82,4,0.3407,0.3374,0.3410,0.0036,0.0105,0.275
271,18.9494,57.710,16.82,4,0.3406,0.3372,0.3408,0.0037,0.0108,0.274
272,19.0209,57.476,16.82,4,0.3401,0.3366,0.3399,0.0033,0.0097,0.278
273,19.0914,56.635,16.82,4,0.3404,0.3370,0.3405,0.0036,0.0106,0.265
274,19.1623,56.709,16.82,4,0.3407,0.3375,0.3412,0.0037,0.0110,0.282
275,19.2332,57.439,16.80,4,0.3409,0.3379,0.3418,0.0039,0.0114,0.286
276,19.3047,58.338,16.77,4,0.3412,0.3381,0.3418,0.0037,0.0109,0.290
277,19.3752,57.119,16.74,4,0.3413,0.3382,0.3419,0.0037,0.0110,0.282
278,19.4477,57.248,16.74,4,0.3416,0.3386,0.3424,0.0038,0.0113,0.275
279,19.5186,56.962,16.73,4,0.3422,0.3391,0.3429,0.0037,0.0110,0.288
280,19.5895,57.710,16.70,4,0.3422,0.3389,0.3428,0.0038,0.0113,0.288
281,19.6602,57.391,16.65,4,0.3416,0.3383,0.3422,0.0038,0.0114,0.297
282,19.7297,55.986,16.65,4,0.3416,0.3383,0.3421,0.0039,0.0114,0.297
283,19.7994,56.371,16.65,4,0.3419,0.3386,0.3422,0.0037,0.0109,0.278
284,19.8715,58.927,16.63,4,0.3422,0.3390,0.3427,0.0037,0.0109,0.275
285,19.9479,62.852,16.63,4,0.3423,0.3392,0.3431,0.0039,0.0116,0.281
286,20.0240,61.687,16.63,4,0.3422,0.3391,0.3429,0.0038,0.0113,0.277
287,20.0966,59.168,16.63,4,0.3421,0.3390,0.3429,0.0039,0.0114,0.263
288,20.1707,60.051,16.63,4,0.3426,0.3398,0.3433,0.0036,0.0105,0.257
289,20.2462,60.446,16.63,4,0.3438,0.3410,0.3451,0.0041,0.0120,0.264
290,20.3179,57.897,16.62,4,0.3439,0.3409,0.3449,0.0040,0.0118,0.259
291,20.3901,58.895,16.60,4,0.3412,0.3379,0.3416,0.0037,0.0110,0.276
292,20.4653,61.781,16.60,4,0.3403,0.3369,0.3406,0.0037,0.0109,0.289
293,20.5388,59.251,16.60,4,0.3404,0.3369,0.3406,0.0037,0.0109,0.291
294,20.6095,57.986,16.60,4,0.3407,0.3373,0.3410,0.0036,0.0108,0.275
295,20.6803,58.003,16.60,4,0.3408,0.3375,0.3412,0.0037,0.0109,0.273
296,20.7526,58.670,16.60,4,0.3407,0.3374,0.3410,0.0036,0.0107,0.302
297,20.8253,59.137,16.60,4,0.3404,0.3370,0.3408,0.0038,0.0114,0.284
298,20.8995,60.387,16.58,4,0.3406,0.3371,0.3409,0.0038,0.0111,0.283
299,20.9730,59.637,16.55,4,1.1807,0.9533,0.3580,-0.5953,-0.6245,2.781
300,21.0459,58.135,16.53,4,0.3414,0.3380,0.3418,0.0038,0.0114,0.291
301,21.1286,57.886,16.50,4,0.3413,0.3379,0.3419,0.0040,0.0117,0.282
302,21.2003,58.116,16.47,4,0.3413,0.3378,0.3416,0.0037,0.0110,0.284
303,21.2684,54.550,16.47,4,0.3412,0.3378,0.3415,0.0038,0.0112,0.280
304,21.3359,54.132,16.47,4,0.3409,0.3375,0.3411,0.0037,0.0109,0.282
305,21.4029,53.923,16.47,4,0.3409,0.3375,0.3412,0.0037,0.0110,0.288
306,21.4706,54.491,16.47,4,0.3410,0.3376,0.3413,0.0037,0.0110,0.266
307,21.5382,53.876,16.47,4,0.3410,0.3377,0.3414,0.0037,0.0111,0.286
308,21.6061,54.731,16.47,4,0.3411,0.3377,0.3415,0.0038,0.0113,0.304
309,21.6736,54.056,16.47,4,0.3411,0.3378,0.3415,0.0037,0.0110,0.285
310,21.7404,54.069,16.47,4,0.3410,0.3378,0.3414,0.0036,0.0106,0.274
311,21.8072,53.797,16.47,4,0.3406,0.3376,0.3414,0.0038,0.0113,0.260
312,21.8741,53.445,16.50,4,0.3400,0.3373,0.3411,0.0038,0.0112,0.276
313,21.9419,54.342,16.50,4,0.3391,0.3362,0.3394,0.0031,0.0093,0.159
314,22.0087,53.793,16.50,,,,,,,
315,22.0785,56.682,16.50,4,0.3289,0.3228,0.3264,0.0036,0.0110,0.593
316,22.1483,56.429,16.50,4,0.3249,0.3211,0.3240,0.0029,0.0089,0.233
317,22.2166,55.270,16.50,,,,,,,
318,22.2832,54.230,16.50,,,,,,,
319,22.3506,54.537,16.50,4,0.3293,0.3202,0.3232,0.0030,0.0092,0.247
320,22.4179,53.852,16.50,4,0.3308,0.3221,0.3250,0.0028,0.0088,0.166
321,22.4852,54.378,16.50,4,0.3312,0.3201,0.3237,0.0036,0.0111,0.410
322,22.5549,56.558,16.50,4,0.3267,0.3146,0.3181,0.0036,0.0113,0.263
323,22.6268,58.486,16.50,,,,,,,
324,22.6965,57.003,16.50,,,,,,,
325,22.7660,56.884,16.50,,,,,,,
326,22.8369,57.944,16.50,4,0.3190,0.3103,0.3151,0.0048,0.0155,1.199
327,22.9090,58.301,16.50,4,0.3192,0.3127,0.3157,0.0030,0.0097,0.389
328,22.9796,57.773,16.47,4,0.3237,0.3169,0.3199,0.0031,0.0097,0.360
329,23.0504,57.157,16.47,4,0.3220,0.3151,0.3185,0.0034,0.0107,1.011
330,23.1217,58.007,16.45,4,0.3234,0.3157,0.3193,0.0036,0.0115,0.289
331,23.2061,58.024,16.45,4,0.3273,0.3202,0.3235,0.0033,0.0103,0.391
332,23.2778,58.854,16.45,4,0.3248,0.3169,0.3199,0.0030,0.0095,0.372
333,23.3487,57.416,16.45,4,0.3249,0.3184,0.3220,0.0036,0.0114,0.391
334,23.4154,54.026,16.45,4,0.3319,0.3261,0.3292,0.0031,0.0097,0.253
335,23.4816,53.675,16.45,4,0.3294,0.3245,0.3279,0.0034,0.0104,0.548
336,23.5487,54.255,16.47,4,0.3203,0.3174,0.3211,0.0037,0.0117,0.333
337,23.6160,54.058,16.47,4,0.3273,0.3244,0.3281,0.0037,0.0114,0.367
338,23.6839,54.626,16.50,4,0.3359,0.3322,0.3358,0.0036,0.0109,0.303
339,23.7520,55.006,16.54,4,0.3204,0.3187,0.3221,0.0034,0.0107,0.304
340,23.8190,54.248,16.60,,,,,,,
341,23.8862,54.402,16.65,4,0.3385,0.3337,0.3369,0.0033,0.0098,0.311
342,23.9530,54.160,16.65,,,,,,,
343,24.0207,54.022,16.65,,,,,,,
344,24.0880,54.724,16.69,4,0.3439,0.3368,0.3402,0.0034,0.0101,0.195
345,24.1608,58.862,16.69,4,0.3351,0.3307,0.3345,0.0038,0.0115,0.249
346,24.2322,58.362,16.69,4,0.3409,0.3345,0.3383,0.0038,0.0114,0.257
347,24.2993,54.206,16.75,4,0.3388,0.3325,0.3359,0.0034,0.0103,0.339
348,24.3663,54.330,16.92,,,,,,,
349,24.4339,53.840,17.14,4,0.3376,0.3258,0.3290,0.0032,0.0098,0.391
350,24.5012,54.323,17.23,4,0.3360,0.3243,0.3275,0.0032,0.0099,0.284
351,24.5689,54.532,17.23,4,0.3370,0.3247,0.3280,0.0033,0.0103,0.369
352,24.6374,55.556,17.23,4,1.0242,0.8840,0.3582,-0.5259,-0.5948,2.078
353,24.7092,58.035,17.23,4,1.0210,0.8735,0.3525,-0.5210,-0.5964,1.699
354,24.7798,58.211,17.23,,,,,,,
355,24.8498,57.294,17.23,,,,,,,
356,24.9212,58.430,17.23,4,0.3388,0.3229,0.3266,0.0037,0.0115,1.872
357,24.9929,58.663,17.23,,,,,,,
358,25.0642,58.412,17.23,4,0.3388,0.3288,0.3321,0.0033,0.0102,0.374
359,25.1338,57.248,17.23,,,,,,,
360,25.2046,58.073,17.23,4,0.3370,0.3289,0.3325,0.0036,0.0111,0.386
361,25.2876,58.039,17.23,4,0.3369,0.3276,0.3313,0.0036,0.0111,0.407
362,25.3602,58.592,17.23,4,1.0695,0.9109,0.3596,-0.5513,-0.6052,1.250
363,25.4305,57.836,17.23,4,0.3355,0.3282,0.3315,0.0033,0.0100,0.278
364,25.4985,55.323,17.18,4,0.3362,0.3276,0.3307,0.0031,0.0094,0.348
365,25.5660,54.329,17.18,,,,,,,
366,25.6331,54.114,17.18,4,0.3382,0.3282,0.3311,0.0029,0.0089,0.292
367,25.7011,53.971,17.18,4,0.3346,0.3260,0.3295,0.0036,0.0109,0.373
368,25.7687,54.760,17.18,,,,,,,
369,25.8363,54.339,17.18,,,,,,,
370,25.9034,53.921,17.18,,,,,,,
371,25.9706,54.460,17.18,4,0.3335,0.3240,0.3271,0.0032,0.0097,0.577
372,26.0377,53.950,17.18,4,0.3321,0.3241,0.3277,0.0036,0.0110,0.851
373,26.1060,54.366,17.18,4,0.3352,0.3252,0.3284,0.0032,0.0098,0.419
374,26.1731,54.081,17.18,4,0.3324,0.3251,0.3288,0.0037,0.0115,0.467
375,26.2444,57.405,17.18,4,1.0408,0.8913,0.3574,-0.5339,-0.5990,1.493
376,26.3150,57.007,17.18,4,0.3355,0.3261,0.3293,0.0033,0.0100,0.428
377,26.3826,53.953,17.23,4,0.3395,0.3264,0.3297,0.0032,0.0099,0.327
378,26.4502,54.355,17.23,4,0.3362,0.3260,0.3298,0.0037,0.0114,0.480
379,26.5179,53.943,17.23,4,1.0527,0.9182,0.3627,-0.5555,-0.6050,1.538
380,26.5847,54.058,17.23,4,0.3390,0.3249,0.3280,0.0032,0.0097,0.561
381,26.6517,53.838,17.23,4,0.3349,0.3236,0.3272,0.0036,0.0110,0.845
382,26.7218,55.998,17.23,4,1.0457,0.9096,0.3601,-0.5495,-0.6041,1.316
383,26.7943,58.059,17.23,4,0.3346,0.3239,0.3271,0.0033,0.0101,0.374
384,26.8645,57.404,17.23,4,0.3388,0.3250,0.3281,0.0030,0.0094,0.270
385,26.9360,57.812,17.23,4,0.3354,0.3251,0.3286,0.0035,0.0108,0.399
386,27.0070,57.521,17.23,4,0.3393,0.3265,0.3295,0.0031,0.0094,0.335
387,27.0789,57.586,17.23,4,0.3367,0.3262,0.3297,0.0036,0.0109,0.305
388,27.1494,57.556,17.23,4,1.0669,0.9266,0.3640,-0.5626,-0.6072,0.680
389,27.2215,57.632,17.23,4,0.3381,0.3278,0.3314,0.0036,0.0110,0.407
390,27.2930,57.863,17.23,4,0.3386,0.3280,0.3317,0.0038,0.0115,0.756
391,27.3760,57.343,17.23,4,0.3412,0.3285,0.3318,0.0032,0.0099,0.401
392,27.4468,57.271,17.23,4,0.3386,0.3279,0.3315,0.0036,0.0111,0.652
393,27.5173,57.191,17.23,4,0.3400,0.3288,0.3320,0.0032,0.0098,0.297
394,27.5847,54.068,17.23,4,1.0486,0.9021,0.3622,-0.5399,-0.5985,0.993
395,27.6520,53.989,17.23,4,0.3404,0.3281,0.3316,0.0034,0.0105,0.228
396,27.7182,53.928,17.23,,,,,,,
397,27.7863,54.939,17.20,4,1.0928,0.9497,0.3639,-0.5859,-0.6169,1.487
398,27.8545,55.214,17.16,4,0.3327,0.3198,0.3228,0.0030,0.0094,0.379
399,27.9218,54.086,17.16,4,0.3326,0.3184,0.3205,0.0022,0.0068,1.585
400,27.9890,54.201,17.16,4,0.3327,0.3172,0.3190,0.0018,0.0058,4.543
401,28.0562,53.856,17.16,4,0.3316,0.3162,0.3184,0.0022,0.0070,5.031
402,28.1242,53.927,17.16,4,0.3325,0.3169,0.3185,0.0016,0.0050,5.447
403,28.1909,53.770,17.16,4,0.3327,0.3171,0.3193,0.0021,0.0067,5.051
404,28.2577,53.668,17.16,4,0.3338,0.3181,0.3203,0.0023,0.0071,5.458
405,28.3286,56.852,17.16,4,1.0206,0.8893,0.3625,-0.5268,-0.5924,2.394
406,28.3986,57.262,17.16,,,,,,,
407,28.4648,53.869,17.16,,,,,,,
408,28.5312,54.311,17.16,,,,,,,
409,28.5978,53.559,17.16,,,,,,,
410,28.6653,54.493,17.16,,,,,,,
411,28.7314,54.015,17.16,,,,,,,
412,28.7995,55.477,17.16,,,,,,,
413,28.8698,57.180,17.16,,,,,,,
414,28.9405,57.656,17.16,,,,,,,
415,29.0101,56.741,17.16,,,,,,,
416,29.0796,57.351,17.16,,,,,,,
417,29.1494,57.431,17.16,,,,,,,
418,29.2198,57.580,17.16,,,,,,,
419,29.2902,58.094,17.16,,,,,,,
420,29.3593,57.329,17.16,,,,,,,
421,29.4408,56.834,17.16,,,,,,,
422,29.5103,57.217,17.16,,,,,,,
423,29.5792,56.784,17.16,,,,,,,
424,29.6459,54.260,17.21,,,,,,,
425,29.7126,53.981,17.21,,,,,,,
426,29.7793,53.686,17.21,,,,,,,
427,29.8453,53.859,17.21,,,,,,,
428,29.9125,54.024,17.21,,,,,,,
429,29.9800,54.053,17.21,,,,,,,
430,30.0473,54.063,17.21,,,,,,,
431,30.1147,54.716,17.21,,,,,,,
432,30.1807,53.668,17.21,,,,,,,
433,30.2473,54.075,17.23,,,,,,,
434,30.3136,54.154,17.23,,,,,,,
435,30.3825,56.754,17.23,,,,,,,
436,30.4525,57.166,17.23,,,,,,,
437,30.5198,54.404,17.23,,,,,,,
438,30.5866,54.350,17.23,,,,,,,
439,30.6528,54.006,17.23,,,,,,,
440,30.7192,54.020,17.23,,,,,,,
441,30.7868,54.311,17.23,,,,,,,
442,30.8546,55.496,17.23,,,,,,,
443,30.9237,56.305,17.23,,,,,,,
444,30.9921,55.968,17.23,,,,,,,
445,31.0613,56.082,17.23,,,,,,,
446,31.1297,55.963,17.23,,,,,,,
447,31.1975,55.916,17.23,,,,,,,
448,31.2663,56.241,17.23,,,,,,,
449,31.3359,56.718,17.23,,,,,,,
450,31.4055,57.041,17.23,,,,,,,
451,31.4870,56.743,17.23,,,,,,,
452,31.5576,56.178,17.23,,,,,,,
453,31.6271,56.392,17.23,,,,,,,
454,31.6939,53.849,17.23,,,,,,,
455,31.7604,53.605,17.23,,,,,,,
456,31.8273,53.922,17.23,,,,,,,
457,31.8941,53.408,17.28,,,,,,,
458,31.9601,53.548,17.30,,,,,,,
459,32.0269,54.378,17.30,,,,,,,
460,32.0935,53.690,17.30,,,,,,,
461,32.1601,53.597,17.30,,,,,,,
462,32.2274,53.787,17.30,4,0.2978,0.2870,0.2886,0.0016,0.0055,0.983
463,32.2935,53.274,17.30,4,0.2979,0.2894,0.2919,0.0025,0.0085,0.362
464,32.3596,53.508,17.30,4,0.2994,0.2932,0.2954,0.0022,0.0075,0.414
465,32.4292,56.784,17.30,4,0.3024,0.2984,0.3013,0.0029,0.0097,0.414
466,32.4978,55.880,17.30,4,0.3067,0.3033,0.3062,0.0029,0.0095,0.345
467,32.5649,54.742,17.29,4,0.3078,0.3040,0.3071,0.0031,0.0101,0.308
468,32.6308,53.805,17.29,4,0.3080,0.3061,0.3093,0.0032,0.0106,0.503
469,32.6975,53.629,17.29,4,0.3136,0.3105,0.3135,0.0030,0.0097,0.487
470,32.7644,54.106,17.31,,,,,,,
471,32.8304,53.758,17.31,4,0.3219,0.3178,0.3209,0.0031,0.0097,0.383
472,32.8977,54.851,17.31,,,,,,,
473,32.9676,56.482,17.31,4,0.3101,0.3073,0.3196,0.0123,0.0400,4.765
474,33.0376,56.716,17.31,,,,,,,
475,33.1085,57.603,17.31,,,,,,,
476,33.1772,55.977,17.31,4,0.3253,0.3179,0.3209,0.0030,0.0094,0.421
477,33.2474,56.122,17.31,4,0.3204,0.3174,0.3208,0.0034,0.0108,0.165
478,33.3173,56.423,17.31,4,0.3283,0.3202,0.3232,0.0031,0.0095,0.713
479,33.3872,56.883,17.31,4,0.3238,0.3208,0.3240,0.0032,0.0099,0.927
480,33.4574,56.850,17.31,4,0.3149,0.3111,0.3256,0.0145,0.0467,4.737
481,33.5398,57.505,17.31,4,0.3306,0.3245,0.3276,0.0031,0.0096,0.273
482,33.6095,56.011,17.31,4,0.3286,0.3249,0.3285,0.0035,0.0109,0.592
483,33.6785,56.140,17.31,4,0.3328,0.3261,0.3294,0.0032,0.0099,0.370
484,33.7457,54.168,17.31,4,0.3275,0.3238,0.3274,0.0036,0.0110,0.536
485,33.8130,53.895,17.31,4,0.3317,0.3243,0.3276,0.0033,0.0102,0.433
486,33.8799,53.716,17.31,4,0.3275,0.3231,0.3263,0.0032,0.0099,0.398
487,33.9466,54.081,17.31,4,0.3315,0.3236,0.3264,0.0027,0.0084,0.378
488,34.0127,53.787,17.31,,,,,,,
489,34.0800,54.320,17.31,4,0.3317,0.3233,0.3265,0.0032,0.0098,0.465
490,34.1470,54.113,17.31,,,,,,,
491,34.2128,53.582,17.32,,,,,,,
492,34.2807,53.881,17.32,,,,,,,
493,34.3522,57.564,17.31,,,,,,,
494,34.4188,53.514,17.31,4,0.3310,0.3227,0.3261,0.0034,0.0106,0.397
495,34.4900,58.514,17.31,,,,,,,
496,34.5595,56.905,17.31,4,0.3318,0.3221,0.3254,0.0033,0.0103,0.669
497,34.6260,53.973,17.31,,,,,,,
498,34.6921,53.733,17.31,,,,,,,
499,34.7586,53.430,17.31,,,,,,,
500,34.8245,53.838,17.31,,,,,,,
501,34.8909,53.827,17.32,,,,,,,
502,34.9582,54.921,17.32,,,,,,,
503,35.0263,55.903,17.32,,,,,,,
504,35.0949,56.250,17.32,,,,,,,
505,35.1643,56.369,17.32,,,,,,,
506,35.2333,56.154,17.32,4,0.3294,0.3192,0.3225,0.0033,0.0105,1.196
507,35.3030,56.902,17.32,,,,,,,
508,35.3736,57.249,17.32,4,0.3303,0.3174,0.3197,0.0023,0.0073,0.244
509,35.4443,55.755,17.32,4,0.3321,0.3177,0.3185,0.0008,0.0027,2.688
510,35.5150,55.900,17.32,4,0.3321,0.3176,0.3183,0.0008,0.0024,3.169
511,35.5961,55.777,17.32,4,0.3330,0.3183,0.3189,0.0006,0.0019,3.062
512,35.6674,56.859,17.32,4,0.3332,0.3185,0.3195,0.0010,0.0031,3.099
513,35.7392,57.872,17.32,4,0.3344,0.3194,0.3200,0.0006,0.0019,3.332
514,35.8060,53.159,17.32,4,0.3351,0.3196,0.3197,0.0001,0.0003,4.100
515,35.8726,53.955,17.32,,,,,,,
516,35.9384,53.686,17.32,,,,,,,
517,36.0049,53.820,17.32,,,,,,,
518,36.0721,54.546,17.31,,,,,,,
519,36.1393,54.486,17.31,,,,,,,
520,36.2061,54.074,17.31,,,,,,,
521,36.2727,53.801,17.31,,,,,,,
522,36.3393,53.864,17.31,,,,,,,
523,36.4058,54.046,17.31,,,,,,,
524,36.4727,53.634,17.31,,,,,,,
525,36.5430,56.812,17.31,,,,,,,
526,36.6121,56.188,17.31,,,,,,,
527,36.6789,54.893,17.31,,,,,,,
528,36.7453,54.111,17.31,,,,,,,
529,36.8112,53.417,17.31,,,,,,,
530,36.8775,53.569,17.31,,,,,,,
531,36.9448,53.842,17.31,,,,,,,
532,37.0127,54.957,17.28,,,,,,,
533,37.0816,56.182,17.28,4,0.3267,0.3213,0.3241,0.0028,0.0088,0.266
534,37.1512,56.058,17.28,4,0.3299,0.3237,0.3269,0.0033,0.0101,0.276
535,37.2222,57.759,17.28,4,0.3307,0.3246,0.3281,0.0035,0.0107,0.258
536,37.2925,56.149,17.28,4,0.3311,0.3274,0.3309,0.0035,0.0106,0.383
537,37.3624,56.263,17.28,4,0.3313,0.3286,0.3323,0.0037,0.0111,0.296
538,37.4317,56.153,17.28,4,0.3318,0.3282,0.3316,0.0033,0.0102,0.278
539,37.5012,56.287,17.28,4,0.3302,0.3247,0.3280,0.0033,0.0101,0.342
540,37.5709,56.754,17.28,4,0.3265,0.3216,0.3254,0.0038,0.0118,0.415
541,37.6511,56.232,17.28,4,0.3243,0.3217,0.3254,0.0037,0.0115,0.401
542,37.7212,57.498,17.28,,,,,,,
543,37.7913,57.415,17.28,4,0.3309,0.3238,0.3272,0.0034,0.0106,0.387
544,37.8568,53.133,17.28,,,,,,,
545,37.9235,54.149,17.28,4,0.3257,0.3231,0.3263,0.0032,0.0098,0.271
546,37.9905,54.320,17.28,,,,,,,
547,38.0576,54.265,17.28,4,0.3351,0.3293,0.3329,0.0036,0.0110,0.320
548,38.1242,54.006,17.28,,,,,,,
549,38.1933,54.759,17.23,4,0.3342,0.3312,0.3346,0.0034,0.0103,0.420
550,38.2602,53.640,17.23,4,0.3400,0.3350,0.3386,0.0036,0.0107,0.220
551,38.3271,53.973,17.23,4,0.3345,0.3283,0.3316,0.0034,0.0103,0.244
552,38.3939,53.568,17.23,4,0.3344,0.3288,0.3319,0.0031,0.0095,0.248
553,38.4637,54.241,17.23,4,0.3402,0.3335,0.3368,0.0033,0.0099,0.368
554,38.5316,54.276,17.23,4,1.1205,0.8652,0.3260,-0.5393,-0.6233,1.600
555,38.6028,58.038,17.23,4,0.3333,0.3258,0.3292,0.0033,0.0103,0.309
556,38.6744,58.120,17.23,4,0.3387,0.3315,0.3347,0.0033,0.0098,0.309
557,38.7421,53.857,17.23,4,0.3387,0.3310,0.3341,0.0031,0.0093,0.329
558,38.8091,53.680,17.23,4,0.3315,0.3252,0.3284,0.0032,0.0098,0.324
559,38.8756,53.469,17.23,4,0.3360,0.3289,0.3321,0.0031,0.0096,0.374
560,38.9427,54.319,17.23,4,0.3404,0.3322,0.3355,0.0033,0.0100,0.280
561,39.0113,54.446,17.23,4,0.3333,0.3269,0.3301,0.0033,0.0100,0.380
562,39.0797,54.655,17.27,4,0.3327,0.3270,0.3300,0.0031,0.0094,0.321
563,39.1496,56.174,17.27,4,0.3406,0.3334,0.3365,0.0030,0.0091,0.287
564,39.2198,56.647,17.27,4,0.3352,0.3293,0.3327,0.0034,0.0103,0.447
565,39.2906,57.870,17.27,4,0.3287,0.3246,0.3279,0.0033,0.0101,0.319
566,39.3593,55.842,17.27,4,0.3390,0.3348,0.3382,0.0034,0.0102,0.312
567,39.4285,56.019,17.27,4,0.3323,0.3292,0.3329,0.0038,0.0114,0.484
568,39.4977,55.982,17.27,4,0.3327,0.3291,0.3324,0.0032,0.0099,0.322
569,39.5699,57.432,17.27,4,0.3410,0.3355,0.3387,0.0033,0.0098,0.344
570,39.6399,57.685,17.27,,,,,,,
571,39.7207,56.855,17.27,4,0.3328,0.3297,0.3332,0.0034,0.0104,0.325
572,39.7920,57.322,17.27,4,0.3471,0.3428,0.3465,0.0036,0.0106,0.428
573,39.8628,56.261,17.27,4,0.3403,0.3379,0.3413,0.0034,0.0101,0.394
574,39.9292,53.679,17.27,4,0.3394,0.3376,0.3414,0.0038,0.0114,0.341
575,39.9957,53.833,17.27,4,0.3468,0.3443,0.3484,0.0041,0.0120,0.388
576,40.0623,54.097,17.27,4,0.3405,0.3386,0.3424,0.0038,0.0113,0.553
577,40.1295,53.976,17.27,4,0.3359,0.3334,0.3368,0.0034,0.0103,0.446
578,40.1966,54.019,17.27,4,0.3418,0.3382,0.3415,0.0033,0.0097,0.324
579,40.2645,54.556,17.27,4,0.3386,0.3355,0.3390,0.0035,0.0105,0.394
580,40.3321,54.280,17.27,4,0.3349,0.3320,0.3356,0.0036,0.0108,0.399
581,40.3995,53.773,17.27,4,0.3444,0.3400,0.3437,0.0036,0.0107,0.325
582,40.4673,54.252,17.27,4,0.3443,0.3395,0.3432,0.0037,0.0108,0.307
583,40.5345,54.012,17.27,4,0.3375,0.3339,0.3372,0.0033,0.0099,0.297
584,40.6018,54.378,17.27,4,0.3448,0.3403,0.3437,0.0033,0.0098,0.498
585,40.6745,59.135,17.27,4,0.3466,0.3412,0.3447,0.0035,0.0103,0.356
586,40.7463,57.695,17.27,4,0.3371,0.3336,0.3371,0.0035,0.0105,0.315
587,40.8135,54.018,17.30,4,0.3446,0.3400,0.3431,0.0032,0.0094,0.267
588,40.8812,54.328,17.30,4,0.3467,0.3418,0.3454,0.0037,0.0108,0.234
589,40.9490,54.138,17.30,4,0.3368,0.3338,0.3375,0.0037,0.0111,0.329
590,41.0174,54.043,17.30,4,0.3434,0.3392,0.3426,0.0034,0.0100,0.234
591,41.0879,54.239,17.23,4,0.3454,0.3407,0.3444,0.0037,0.0108,0.276
592,41.1578,57.371,17.19,,,,,,,
593,41.2278,56.740,17.19,4,0.3479,0.3417,0.3449,0.0032,0.0095,0.358
594,41.2978,56.625,17.19,,,,,,,
595,41.3694,57.736,17.19,4,0.3396,0.3355,0.3390,0.0036,0.0107,0.315
596,41.4443,58.547,17.19,4,1.1811,0.9232,0.3388,-0.5844,-0.6331,1.863
597,41.5155,56.792,17.19,,,,,,,
598,41.5893,58.251,17.19,4,0.3407,0.3352,0.3392,0.0040,0.0119,0.616
599,41.6617,58.180,17.19,4,0.3481,0.3406,0.3437,0.0031,0.0092,0.250
600,41.7319,57.091,17.19,4,0.3406,0.3352,0.3386,0.0035,0.0103,0.306
601,41.8151,57.193,17.19,4,0.3518,0.3430,0.3461,0.0031,0.0090,0.526
602,41.8873,57.976,17.19,4,0.3527,0.3426,0.3459,0.0033,0.0096,0.201
603,41.9582,57.845,17.19,,,,,,,
604,42.0252,53.779,17.19,4,1.1852,0.9728,0.3570,-0.6158,-0.6330,1.482
605,42.0914,53.515,17.19,,,,,,,
606,42.1582,53.836,17.19,,,,,,,
607,42.2252,54.027,17.19,4,0.3651,0.3469,0.3438,-0.0031,-0.0089,2.385
608,42.2923,54.453,17.19,4,0.3505,0.3353,0.3391,0.0038,0.0113,0.913
609,42.3612,54.101,17.21,4,0.3620,0.3441,0.3426,-0.0015,-0.0045,2.125
610,42.4288,54.040,17.21,4,0.3647,0.3484,0.3494,0.0010,0.0029,0.159
611,42.4978,53.947,17.16,4,0.3514,0.3434,0.3482,0.0048,0.0140,0.694
612,42.5660,54.317,17.13,4,0.3578,0.3492,0.3535,0.0043,0.0123,0.223
613,42.6339,54.189,17.17,4,1.2286,1.0065,0.3693,-0.6372,-0.6331,0.826
614,42.7018,54.624,17.17,4,0.3583,0.3493,0.3536,0.0043,0.0123,0.513
615,42.7743,58.552,17.17,4,0.3510,0.3461,0.3508,0.0047,0.0136,0.431
616,42.8488,58.589,17.17,,,,,,,
617,42.9175,53.964,17.17,4,0.3717,0.3534,0.3516,-0.0018,-0.0052,1.088
618,42.9860,54.794,17.17,4,1.2036,1.0004,0.3699,-0.6305,-0.6302,0.620
619,43.0547,54.066,17.17,,,,,,,
620,43.1233,54.483,17.17,4,1.2205,0.9832,0.3618,-0.6213,-0.6320,1.612
621,43.1899,53.817,17.17,,,,,,,
622,43.2590,56.482,17.13,,,,,,,
623,43.3295,57.721,17.13,,,,,,,
624,43.4005,57.534,17.13,4,0.3596,0.3591,0.3638,0.0047,0.0131,0.294
625,43.4719,58.196,17.13,,,,,,,
626,43.5450,58.465,17.13,4,0.3638,0.3605,0.3650,0.0045,0.0126,0.297
627,43.6159,57.018,17.13,,,,,,,
628,43.6883,58.631,17.13,,,,,,,
629,43.7606,58.402,17.13,,,,,,,
630,43.8315,57.754,17.13,4,0.3596,0.3594,0.3640,0.0046,0.0129,0.378
631,43.9147,57.312,17.13,4,0.3574,0.3571,0.3610,0.0039,0.0110,0.292
632,43.9862,57.752,17.13,4,0.3572,0.3561,0.3604,0.0044,0.0122,0.341
633,44.0583,57.913,17.13,,,,,,,
634,44.1259,53.805,17.13,4,0.3619,0.3609,0.3655,0.0046,0.0127,0.335
635,44.1927,53.612,17.13,4,0.3610,0.3605,0.3628,0.0023,0.0064,0.272
636,44.2598,53.931,17.13,4,0.3610,0.3606,0.3649,0.0043,0.0118,0.380
637,44.3266,53.890,17.13,4,0.3658,0.3652,0.3674,0.0022,0.0060,0.143
638,44.3937,53.949,17.13,4,0.3659,0.3625,0.3658,0.0033,0.0091,0.229
639,44.4604,53.961,17.13,4,0.3638,0.3599,0.3636,0.0037,0.0103,0.202
640,44.5275,53.520,17.13,4,0.3627,0.3611,0.3643,0.0032,0.0087,0.370
641,44.5946,53.359,17.13,4,0.3654,0.3633,0.3656,0.0023,0.0063,0.457
642,44.6617,54.309,17.13,4,0.3666,0.3615,0.3641,0.0026,0.0073,0.291
643,44.7298,53.827,17.13,4,0.3653,0.3588,0.3630,0.0042,0.0116,0.248
644,44.7980,53.688,17.13,4,0.3657,0.3619,0.3640,0.0021,0.0058,0.271
645,44.8698,58.057,17.13,4,0.3654,0.3626,0.3656,0.0030,0.0082,0.342
646,44.9418,59.006,17.13,4,0.3676,0.3603,0.3623,0.0020,0.0056,0.161
647,45.0097,54.102,17.13,4,0.3639,0.3537,0.3571,0.0034,0.0097,0.230
648,45.0775,53.891,17.13,,,,,,,
649,45.1453,54.005,17.13,4,0.3648,0.3619,0.3660,0.0041,0.0113,0.324
650,45.2117,54.196,17.13,,,,,,,
651,45.2788,54.365,17.17,4,0.3636,0.3547,0.3583,0.0036,0.0101,0.274
652,45.3481,55.532,17.17,4,0.3600,0.3548,0.3588,0.0040,0.0113,0.287
653,45.4188,56.593,17.17,4,0.3608,0.3543,0.3575,0.0032,0.0091,0.229
654,45.4900,57.694,17.17,4,0.3569,0.3460,0.3499,0.0039,0.0112,0.353
655,45.5599,56.452,17.17,4,0.3482,0.3368,0.3398,0.0030,0.0088,0.330
656,45.6293,55.839,17.17,4,1.2185,1.0125,0.3720,-0.6406,-0.6326,1.709
657,45.6990,56.167,17.17,4,1.1976,0.9959,0.3700,-0.6259,-0.6285,2.077
658,45.7701,57.424,17.17,4,0.3410,0.3307,0.3336,0.0029,0.0087,0.320
659,45.8399,56.830,17.17,4,0.3399,0.3291,0.3314,0.0022,0.0067,0.372
660,45.9100,56.187,17.17,4,1.1342,0.9533,0.3701,-0.5833,-0.6118,2.225
661,45.9918,56.176,17.17,4,0.3399,0.3347,0.3378,0.0032,0.0094,0.299
662,46.0625,56.342,17.17,4,0.3397,0.3360,0.3392,0.0032,0.0096,0.266
663,46.1325,56.231,17.17,4,0.3368,0.3333,0.3366,0.0034,0.0101,0.340
664,46.2019,54.161,17.17,4,0.3317,0.3281,0.3312,0.0031,0.0095,0.311
665,46.2706,54.292,17.17,4,0.3290,0.3254,0.3286,0.0032,0.0099,0.346
666,46.3387,54.267,17.17,4,0.3316,0.3275,0.3304,0.0030,0.0091,0.233
667,46.4066,54.317,17.17,4,0.3378,0.3328,0.3352,0.0025,0.0074,0.174
668,46.4729,53.858,17.17,,,,,,,
669,46.5409,54.766,17.21,4,0.3595,0.3513,0.3554,0.0040,0.0115,0.540
670,46.6084,53.698,17.21,4,0.3776,0.3653,0.3689,0.0036,0.0099,0.302
671,46.6752,53.826,17.23,4,0.3918,0.3790,0.3833,0.0043,0.0113,0.337
672,46.7424,53.969,17.24,4,0.4039,0.3915,0.3963,0.0048,0.0124,0.242
673,46.8096,53.771,17.24,4,0.4128,0.4002,0.4057,0.0055,0.0138,0.252
674,46.8763,53.803,17.26,4,0.4209,0.4054,0.4111,0.0057,0.0141,0.322
675,46.9461,56.962,17.26,4,0.4291,0.4092,0.4146,0.0054,0.0132,0.446
676,47.0154,56.334,17.26,4,0.4377,0.4146,0.4199,0.0053,0.0127,0.349
677,47.0825,54.328,17.29,4,0.4449,0.4186,0.4240,0.0054,0.0129,0.273
678,47.1493,54.150,17.30,4,0.4567,0.4258,0.4272,0.0015,0.0035,0.288
679,47.2157,54.174,17.30,,,,,,,
680,47.2828,54.515,17.30,,,,,,,
681,47.3492,54.219,17.30,,,,,,,
682,47.4172,55.813,17.30,,,,,,,
683,47.4872,57.599,17.30,,,,,,,
684,47.5572,57.120,17.30,,,,,,,
685,47.6268,56.732,17.30,4,0.4587,0.4296,0.4363,0.0067,0.0157,0.224
686,47.6964,57.091,17.30,4,0.4596,0.4298,0.4364,0.0066,0.0155,0.191
687,47.7668,57.104,17.30,4,0.4639,0.4302,0.4337,0.0034,0.0080,0.370
688,47.8375,57.142,17.30,4,0.4734,0.4381,0.4336,-0.0045,-0.0103,0.226
689,47.9088,57.938,17.30,4,0.4659,0.4313,0.4349,0.0036,0.0084,0.526
690,47.9791,57.365,17.30,4,1.8233,1.4394,0.4280,-1.0114,-0.7027,1.478
691,48.0602,56.500,17.30,4,0.4627,0.4351,0.4421,0.0070,0.0160,0.212
692,48.1303,57.193,17.30,4,0.4645,0.4343,0.4414,0.0071,0.0163,0.197
693,48.2017,57.910,17.30,4,1.8925,1.5046,0.4348,-1.0698,-0.7110,0.733
694,48.2684,54.178,17.30,4,0.4719,0.4357,0.4403,0.0046,0.0105,0.393
695,48.3357,54.143,17.30,4,0.4837,0.4459,0.4391,-0.0068,-0.0152,0.593
696,48.4028,54.193,17.30,4,0.4847,0.4464,0.4385,-0.0079,-0.0178,1.138
697,48.4696,54.052,17.30,4,0.4745,0.4376,0.4378,0.0001,0.0003,0.462
698,48.5377,54.387,17.28,4,0.4645,0.4296,0.4368,0.0072,0.0167,0.209
699,48.6069,55.514,17.27,4,0.4623,0.4287,0.4361,0.0073,0.0171,0.198
700,48.6733,53.973,17.27,4,0.4607,0.4289,0.4358,0.0069,0.0161,0.216
701,48.7408,54.265,17.27,4,1.8127,1.4319,0.4279,-1.0040,-0.7012,1.230
702,48.8068,53.914,17.27,4,0.4591,0.4290,0.4361,0.0071,0.0167,0.206
703,48.8729,53.924,17.27,4,0.4594,0.4298,0.4368,0.0071,0.0164,0.211
704,48.9396,54.273,17.27,4,0.4601,0.4314,0.4386,0.0072,0.0166,0.181
705,49.0091,56.882,17.27,4,0.4611,0.4335,0.4404,0.0070,0.0161,0.200
706,49.0783,56.680,17.27,4,1.8480,1.4844,0.4355,-1.0489,-0.7066,0.982
707,49.1456,54.806,17.26,4,0.4624,0.4370,0.4446,0.0076,0.0174,0.154
708,49.2122,54.117,17.26,4,0.4637,0.4386,0.4462,0.0076,0.0173,0.191
709,49.2791,54.127,17.26,4,1.8612,1.5052,0.4400,-1.0653,-0.7077,1.032
710,49.3454,54.013,17.26,4,0.4657,0.4413,0.4490,0.0077,0.0174,0.201
711,49.4115,53.701,17.26,4,1.8674,1.5110,0.4407,-1.0704,-0.7084,1.107
712,49.4793,55.400,17.26,4,0.4675,0.4435,0.4509,0.0074,0.0167,0.181
713,49.5491,56.961,17.26,4,1.8544,1.5041,0.4416,-1.0625,-0.7064,0.727
714,49.6203,57.572,17.26,4,1.7836,1.4467,0.4414,-1.0053,-0.6949,0.899
715,49.6904,56.654,17.26,4,1.8997,1.5428,0.4414,-1.1014,-0.7139,0.889
716,49.7604,56.971,17.26,4,1.7525,1.4361,0.4369,-0.9992,-0.6958,1.072
717,49.8306,57.437,17.26,,,,,,,
718,49.9010,58.569,17.26,,,,,,,
719,49.9711,58.111,17.26,,,,,,,
720,50.0411,57.906,17.26,,,,,,,
721,50.1217,57.264,17.26,,,,,,,
722,50.1919,57.476,17.26,,,,,,,
723,50.2614,56.941,17.26,,,,,,,
724,50.3278,53.774,17.26,4,0.3226,0.3224,0.3262,0.0038,0.0118,0.334
725,50.3948,54.004,17.26,4,0.3268,0.3264,0.3298,0.0034,0.0104,0.348
726,50.4612,53.953,17.26,4,0.3311,0.3305,0.3344,0.0039,0.0118,0.333
727,50.5282,53.537,17.26,4,0.3349,0.3343,0.3381,0.0037,0.0112,0.310
728,50.5947,53.889,17.26,4,0.3382,0.3379,0.3417,0.0038,0.0113,0.279
729,50.6618,54.240,17.26,4,0.3417,0.3415,0.3453,0.0039,0.0114,0.289
730,50.7288,54.121,17.26,4,0.3457,0.3455,0.3495,0.0040,0.0116,0.286
731,50.7956,54.269,17.26,4,0.3495,0.3492,0.3532,0.0039,0.0113,0.236
732,50.8625,54.129,17.26,4,0.3539,0.3534,0.3577,0.0043,0.0122,0.312
733,50.9297,53.855,17.26,4,0.3573,0.3569,0.3615,0.0046,0.0128,0.328
734,50.9969,54.205,17.26,4,0.3585,0.3583,0.3626,0.0042,0.0118,0.277
735,51.0673,57.175,17.26,4,0.3583,0.3582,0.3626,0.0045,0.0125,0.298
736,51.1385,58.502,17.26,4,0.3584,0.3581,0.3627,0.0046,0.0128,0.311
737,51.2049,53.849,17.26,4,0.3595,0.3592,0.3636,0.0045,0.0124,0.282
738,51.2715,53.763,17.26,4,0.3621,0.3617,0.3660,0.0043,0.0120,0.300
739,51.3381,54.231,17.26,4,0.3657,0.3655,0.3703,0.0048,0.0133,0.297
740,51.4051,54.111,17.27,4,0.3683,0.3681,0.3731,0.0050,0.0135,0.295
741,51.4717,53.963,17.27,4,0.3695,0.3693,0.3742,0.0049,0.0134,0.290
742,51.5400,55.649,17.27,4,0.3703,0.3701,0.3747,0.0047,0.0126,0.299
743,51.6091,56.257,17.27,4,0.3712,0.3709,0.3755,0.0046,0.0125,0.319
744,51.6790,56.809,17.27,4,0.3717,0.3714,0.3759,0.0045,0.0121,0.290
745,51.7478,55.942,17.27,4,0.3717,0.3713,0.3757,0.0044,0.0118,0.284
746,51.8172,56.453,17.27,4,0.3718,0.3714,0.3759,0.0045,0.0120,0.273
747,51.8870,56.993,17.27,4,0.3718,0.3714,0.3758,0.0044,0.0119,0.291
748,51.9567,56.941,17.27,4,0.3720,0.3716,0.3761,0.0045,0.0122,0.297
749,52.0265,56.225,17.27,4,0.3715,0.3711,0.3755,0.0044,0.0120,0.260
750,52.0956,56.040,17.27,4,0.3712,0.3707,0.3752,0.0044,0.0120,0.290
751,52.1771,56.178,17.27,4,0.3712,0.3707,0.3752,0.0045,0.0120,0.280
752,52.2458,56.003,17.27,4,0.3709,0.3705,0.3751,0.0046,0.0124,0.294
753,52.3153,56.560,17.27,4,0.3709,0.3705,0.3749,0.0044,0.0119,0.272
754,52.3830,54.358,17.27,4,0.3709,0.3705,0.3753,0.0047,0.0128,0.310
755,52.4501,53.895,17.27,4,0.3712,0.3709,0.3753,0.0044,0.0118,0.314
756,52.5175,54.317,17.27,4,0.3713,0.3710,0.3754,0.0044,0.0118,0.292
757,52.5845,54.185,17.27,4,0.3716,0.3712,0.3758,0.0046,0.0124,0.292
758,52.6514,53.968,17.33,4,0.3714,0.3710,0.3757,0.0047,0.0126,0.318
759,52.7189,55.207,17.33,4,0.3710,0.3706,0.3750,0.0044,0.0120,0.271
760,52.7861,54.417,17.33,4,0.3706,0.3702,0.3748,0.0046,0.0124,0.296
761,52.8535,54.103,17.33,4,0.3696,0.3692,0.3736,0.0044,0.0120,0.277
762,52.9214,54.214,17.31,4,0.3683,0.3680,0.3724,0.0044,0.0119,0.302
763,52.9882,54.126,17.31,4,0.3651,0.3650,0.3698,0.0049,0.0133,0.356
764,53.0543,54.242,17.31,,,,,,,
765,53.1248,58.196,17.31,4,0.3507,0.3496,0.3534,0.0039,0.0110,0.641
766,53.1949,56.972,17.31,4,0.3334,0.3309,0.3343,0.0034,0.0104,0.572
767,53.2623,54.468,17.32,,,,,,,
768,53.3291,54.209,17.32,4,0.3140,0.3076,0.3098,0.0021,0.0069,0.068
769,53.3969,54.224,17.32,,,,,,,
770,53.4638,53.971,17.32,,,,,,,
771,53.5310,53.908,17.32,4,0.3094,0.3001,0.3028,0.0027,0.0090,0.320
772,53.6002,55.713,17.32,4,0.3173,0.3072,0.3101,0.0028,0.0092,0.286
773,53.6710,57.970,17.32,4,0.3224,0.3106,0.3137,0.0031,0.0099,0.281
774,53.7413,56.708,17.32,4,0.3236,0.3150,0.3179,0.0030,0.0095,0.163
775,53.8110,56.148,17.32,4,0.3202,0.3149,0.3177,0.0028,0.0089,0.231
776,53.8803,56.093,17.32,4,0.3177,0.3139,0.3173,0.0033,0.0106,0.311
777,53.9504,56.427,17.32,4,0.3180,0.3154,0.3190,0.0036,0.0113,0.240
778,54.0215,57.787,17.32,4,0.3212,0.3171,0.3205,0.0034,0.0107,0.072
779,54.0916,56.060,17.32,4,0.3231,0.3179,0.3211,0.0032,0.0102,0.240
780,54.1607,56.110,17.32,4,0.3245,0.3211,0.3248,0.0037,0.0114,0.124
781,54.2411,56.534,17.32,4,0.3261,0.3240,0.3278,0.0038,0.0117,0.301
782,54.3101,55.977,17.32,4,0.3282,0.3256,0.3290,0.0033,0.0102,0.121
783,54.3793,56.408,17.32,4,0.3289,0.3262,0.3299,0.0037,0.0112,0.212
784,54.4458,54.252,17.32,,,,,,,
785,54.5127,54.022,17.32,4,0.3314,0.3259,0.3290,0.0032,0.0097,0.237
786,54.5804,54.264,17.32,4,0.3273,0.3192,0.3261,0.0069,0.0216,0.749
787,54.6469,53.857,17.32,4,0.3298,0.3210,0.3253,0.0043,0.0134,0.246
788,54.7144,54.371,17.32,4,0.3290,0.3213,0.3247,0.0034,0.0106,0.172
789,54.7820,54.287,17.32,4,0.3275,0.3185,0.3218,0.0033,0.0104,0.244
790,54.8482,53.942,17.32,4,0.3268,0.3175,0.3204,0.0030,0.0094,0.271
791,54.9153,54.348,17.32,4,0.3263,0.3207,0.3237,0.0030,0.0094,0.378
792,54.9820,54.044,17.32,4,0.3238,0.3198,0.3232,0.0034,0.0106,0.337
793,55.0483,53.874,17.32,4,0.3212,0.3175,0.3206,0.0031,0.0097,0.199
794,55.1150,54.246,17.32,4,0.3197,0.3163,0.3192,0.0029,0.0091,0.191
795,55.1866,58.087,17.32,4,0.3186,0.3131,0.3158,0.0027,0.0087,0.266
796,55.2574,57.581,17.32,4,0.3192,0.3138,0.3171,0.0033,0.0105,0.272
797,55.3244,53.689,17.32,4,0.3209,0.3164,0.3198,0.0033,0.0105,0.304
798,55.3913,53.762,17.32,4,0.3214,0.3168,0.3200,0.0032,0.0102,0.301
799,55.4579,53.921,17.32,4,0.3215,0.3170,0.3202,0.0032,0.0101,0.279
800,55.5243,53.680,17.32,4,0.3217,0.3179,0.3208,0.0028,0.0089,0.260
801,55.5908,53.856,17.32,4,0.3222,0.3193,0.3220,0.0027,0.0085,0.237
802,55.6602,55.807,17.32,4,0.3225,0.3206,0.3236,0.0030,0.0094,0.275
803,55.7303,56.437,17.32,4,0.3229,0.3213,0.3242,0.0030,0.0092,0.311
804,55.8009,56.985,17.32,4,0.3231,0.3214,0.3245,0.0031,0.0096,0.314
805,55.8722,58.186,17.32,4,0.3231,0.3213,0.3242,0.0029,0.0091,0.307
806,55.9432,57.457,17.32,4,0.3233,0.3216,0.3248,0.0032,0.0098,0.329
807,56.0131,56.383,17.32,4,0.3235,0.3218,0.3250,0.0032,0.0100,0.314
808,56.0826,56.243,17.32,4,0.3234,0.3219,0.3250,0.0031,0.0096,0.305
809,56.1530,57.243,17.32,4,0.3234,0.3217,0.3249,0.0032,0.0099,0.295
810,56.2239,57.866,17.32,4,0.3235,0.3217,0.3249,0.0032,0.0100,0.293
811,56.3049,57.718,17.32,4,0.3234,0.3214,0.3243,0.0029,0.0091,0.276
812,56.3755,57.298,17.32,4,0.3234,0.3216,0.3248,0.0032,0.0099,0.303
813,56.4461,56.897,17.32,4,0.3235,0.3215,0.3248,0.0033,0.0101,0.309
814,56.5138,53.939,17.32,4,0.3235,0.3215,0.3247,0.0032,0.0100,0.300
815,56.5812,54.178,17.32,4,0.3236,0.3214,0.3247,0.0033,0.0101,0.285
816,56.6488,54.044,17.32,4,0.3238,0.3217,0.3249,0.0032,0.0099,0.282
817,56.7165,54.408,17.32,4,0.3239,0.3217,0.3247,0.0030,0.0094,0.231
818,56.7837,53.994,17.32,4,0.3239,0.3214,0.3244,0.0030,0.0092,0.258
819,56.8506,54.094,17.37,4,0.3237,0.3209,0.3237,0.0028,0.0086,0.238
820,56.9170,54.213,17.37,4,0.3237,0.3207,0.3228,0.0022,0.0068,0.247
821,56.9847,53.952,17.37,4,0.3240,0.3210,0.3236,0.0026,0.0081,0.245
822,57.0518,54.119,17.38,4,0.3245,0.3217,0.3243,0.0026,0.0080,0.230
823,57.1189,54.122,17.38,4,0.3245,0.3213,0.3241,0.0028,0.0087,0.291
824,57.1865,54.490,17.33,4,0.3239,0.3204,0.3230,0.0026,0.0081,0.224
825,57.2586,58.506,17.33,4,0.3238,0.3200,0.3226,0.0026,0.0081,0.231
826,57.3288,57.089,17.33,4,0.3249,0.3217,0.3242,0.0025,0.0077,0.186
827,57.3963,54.297,17.38,4,0.3260,0.3224,0.3250,0.0026,0.0080,0.109
828,57.4633,54.222,17.38,4,0.3270,0.3229,0.3257,0.0028,0.0086,0.195
829,57.5302,54.109,17.38,4,0.3278,0.3230,0.3255,0.0025,0.0078,0.168
830,57.5971,54.334,17.38,4,0.3296,0.3239,0.3263,0.0024,0.0073,0.170
831,57.6638,53.871,17.38,4,0.3316,0.3251,0.3280,0.0029,0.0090,0.250
832,57.7329,55.572,17.38,4,0.3326,0.3260,0.3272,0.0012,0.0037,0.158
833,57.8033,57.286,17.38,4,0.3335,0.3275,0.3301,0.0025,0.0077,0.200
834,57.8739,57.538,17.38,4,0.3360,0.3305,0.3320,0.0015,0.0045,0.094
835,57.9433,56.693,17.38,4,0.3393,0.3341,0.3374,0.0033,0.0098,0.280
836,58.0129,56.703,17.38,4,0.3416,0.3361,0.3397,0.0036,0.0106,0.227
837,58.0834,57.039,17.38,4,0.3450,0.3397,0.3434,0.0037,0.0108,0.137
838,58.1532,57.149,17.38,4,0.3448,0.3396,0.3429,0.0032,0.0095,0.121
839,58.2243,58.223,17.38,4,0.3419,0.3360,0.3395,0.0035,0.0104,0.224
840,58.2937,56.641,17.38,4,0.3396,0.3333,0.3366,0.0033,0.0099,0.220
841,58.3764,57.573,17.38,4,0.3372,0.3306,0.3340,0.0034,0.0102,0.169
842,58.4465,56.751,17.38,4,0.3368,0.3308,0.3340,0.0031,0.0095,0.155
843,58.5162,56.915,17.38,4,0.3359,0.3312,0.3348,0.0035,0.0107,0.179
844,58.5835,54.259,17.38,4,0.3352,0.3311,0.3344,0.0033,0.0099,0.198
845,58.6510,53.911,17.38,4,0.3356,0.3324,0.3358,0.0034,0.0102,0.222
846,58.7184,54.245,17.38,4,0.3359,0.3332,0.3365,0.0034,0.0101,0.225
847,58.7855,53.925,17.38,4,0.3364,0.3334,0.3366,0.0032,0.0096,0.198
848,58.8533,54.025,17.38,4,0.3356,0.3320,0.3351,0.0031,0.0093,0.209
849,58.9211,53.972,17.38,4,0.3355,0.3319,0.3350,0.0030,0.0091,0.218
850,58.9877,53.676,17.38,4,0.3363,0.3330,0.3366,0.0035,0.0106,0.202
851,59.0549,54.021,17.38,4,0.3363,0.3322,0.3355,0.0033,0.0098,0.198
852,59.1218,53.952,17.38,4,0.3365,0.3324,0.3354,0.0030,0.0091,0.191
853,59.1885,53.679,17.38,4,0.3369,0.3326,0.3360,0.0033,0.0100,0.207
854,59.2557,54.187,17.38,4,0.3369,0.3324,0.3356,0.0031,0.0094,0.211
855,59.3267,57.219,17.38,4,0.3370,0.3326,0.3361,0.0035,0.0104,0.227
856,59.3977,57.276,17.38,4,0.3374,0.3333,0.3366,0.0033,0.0100,0.220
857,59.4660,55.095,17.33,4,0.3373,0.3329,0.3361,0.0032,0.0096,0.228
858,59.5333,54.727,17.27,4,0.3375,0.3334,0.3366,0.0031,0.0094,0.164
859,59.6009,54.272,17.27,4,0.3374,0.3335,0.3367,0.0032,0.0097,0.194
860,59.6682,54.070,17.27,4,0.3372,0.3337,0.3370,0.0033,0.0098,0.209
861,59.7363,54.526,17.27,4,0.3373,0.3339,0.3366,0.0027,0.0080,0.216
862,59.8065,56.868,17.27,4,0.3368,0.3336,0.3365,0.0030,0.0090,0.225
863,59.8773,57.289,17.27,4,0.3369,0.3339,0.3371,0.0031,0.0094,0.234
864,59.9483,57.296,17.27,4,0.3368,0.3339,0.3371,0.0032,0.0095,0.243
865,60.0201,57.941,17.27,4,0.3369,0.3339,0.3371,0.0032,0.0095,0.222
866,60.0917,57.765,17.27,4,0.3369,0.3338,0.3369,0.0030,0.0091,0.223
867,60.1618,56.891,17.27,4,0.3369,0.3338,0.3368,0.0030,0.0091,0.236
868,60.2321,56.892,17.27,4,0.3368,0.3332,0.3365,0.0033,0.0098,0.206
869,60.3035,58.156,17.27,4,0.3351,0.3302,0.3336,0.0034,0.0104,0.168
870,60.3749,57.590,17.27,4,0.3313,0.3255,0.3283,0.0028,0.0085,0.238
871,60.4563,57.536,17.27,4,0.3272,0.3222,0.3258,0.0036,0.0112,0.226
872,60.5281,57.914,17.27,4,0.3241,0.3210,0.3242,0.0032,0.0099,0.052
873,60.5986,56.984,17.27,4,0.3206,0.3192,0.3233,0.0041,0.0128,0.234
874,60.6657,54.003,17.27,4,0.3208,0.3184,0.3219,0.0035,0.0111,0.696
875,60.7338,54.762,17.22,,,,,,,
876,60.8011,54.558,17.22,4,0.3315,0.3214,0.3247,0.0033,0.0103,0.068
877,60.8683,54.416,17.22,4,0.3412,0.3309,0.3346,0.0036,0.0110,0.139
878,60.9370,55.541,17.17,4,1.0517,0.8520,0.3443,-0.5077,-0.5959,1.937
879,61.0043,54.338,17.17,4,1.1374,0.9106,0.3501,-0.5605,-0.6156,1.401
880,61.0712,54.331,17.17,4,0.3781,0.3681,0.3731,0.0050,0.0137,0.559
881,61.1382,54.470,17.17,4,0.3927,0.3809,0.3858,0.0050,0.0130,0.512
882,61.2054,54.168,17.17,4,0.4049,0.3900,0.3953,0.0053,0.0136,0.325
883,61.2730,54.075,17.17,4,1.4876,1.0926,0.3638,-0.7289,-0.6671,0.838
884,61.3404,54.201,17.17,4,1.5404,1.1393,0.3750,-0.7643,-0.6709,0.891
885,61.4109,57.601,17.17,4,0.4339,0.4129,0.4202,0.0073,0.0177,0.324
886,61.4811,57.228,17.17,4,0.4414,0.4178,0.4243,0.0066,0.0158,0.320
887,61.5481,54.210,17.17,4,0.4473,0.4213,0.4281,0.0068,0.0161,0.273
888,61.6154,54.713,17.17,4,0.4487,0.4212,0.4278,0.0066,0.0156,0.265
889,61.6825,54.347,17.17,4,0.4495,0.4230,0.4298,0.0068,0.0162,0.304
890,61.7496,54.645,17.17,4,0.4506,0.4248,0.4320,0.0073,0.0171,0.250
891,61.8173,54.884,17.17,4,0.4520,0.4247,0.4319,0.0072,0.0169,0.341
892,61.8876,57.065,17.17,4,0.4532,0.4256,0.4324,0.0068,0.0160,0.248
893,61.9591,58.881,17.17,4,0.4546,0.4261,0.4333,0.0072,0.0168,0.236
894,62.0294,57.278,17.17,4,0.4542,0.4230,0.4302,0.0073,0.0172,0.178
895,62.0995,57.331,17.17,4,0.4537,0.4218,0.4292,0.0074,0.0174,0.324
896,62.1701,57.986,17.17,4,0.4537,0.4198,0.4270,0.0072,0.0172,0.312
897,62.2423,58.650,17.17,4,0.4542,0.4197,0.4266,0.0069,0.0164,0.226
898,62.3126,57.261,17.17,4,0.4544,0.4193,0.4258,0.0064,0.0153,0.288
899,62.3829,57.383,17.17,4,0.4541,0.4193,0.4260,0.0067,0.0159,0.253
900,62.4541,58.164,17.17,4,0.4531,0.4177,0.4238,0.0061,0.0146,0.236
901,62.5368,58.354,17.17,4,0.4523,0.4172,0.4237,0.0065,0.0155,0.173
902,62.6087,58.926,17.17,4,0.4522,0.4175,0.4239,0.0064,0.0153,0.229
903,62.6788,57.769,17.17,4,0.4523,0.4182,0.4247,0.0065,0.0156,0.222
904,62.7455,54.324,17.17,4,0.4521,0.4178,0.4244,0.0066,0.0158,0.226
905,62.8122,54.493,17.17,4,0.4523,0.4179,0.4245,0.0066,0.0157,0.256
906,62.8787,54.233,17.17,4,0.4528,0.4175,0.4242,0.0067,0.0161,0.233
907,62.9452,54.205,17.17,4,0.4535,0.4182,0.4246,0.0064,0.0153,0.225
908,63.0125,54.900,17.17,4,0.4538,0.4181,0.4248,0.0066,0.0159,0.262
909,63.0782,53.482,17.17,4,0.4537,0.4184,0.4252,0.0068,0.0162,0.247
910,63.1446,54.098,17.17,4,0.4543,0.4188,0.4254,0.0065,0.0156,0.242
911,63.2113,54.531,17.17,4,0.4542,0.4186,0.4255,0.0069,0.0164,0.286
912,63.2782,54.562,17.17,4,0.4536,0.4181,0.4248,0.0068,0.0162,0.235
913,63.3447,54.119,17.17,4,0.4531,0.4177,0.4245,0.0068,0.0162,0.277
914,63.4111,54.315,17.17,4,0.4525,0.4172,0.4237,0.0065,0.0155,0.277
915,63.4810,57.441,17.17,4,0.4516,0.4175,0.4241,0.0066,0.0158,0.243
916,63.5515,57.858,17.17,4,0.4512,0.4182,0.4251,0.0068,0.0163,0.244
917,63.6193,54.762,17.17,4,0.4511,0.4204,0.4270,0.0066,0.0156,0.268
918,63.6884,54.262,17.14,4,0.4500,0.4211,0.4280,0.0069,0.0164,0.264
919,63.7591,56.478,17.07,4,0.4499,0.4197,0.4267,0.0070,0.0166,0.266
920,63.8261,53.929,17.07,4,0.4501,0.4210,0.4279,0.0068,0.0162,0.265
921,63.8934,54.534,17.07,4,0.4508,0.4214,0.4284,0.0070,0.0167,0.266
922,63.9615,55.240,17.12,4,0.4512,0.4221,0.4289,0.0068,0.0160,0.254
923,64.0310,56.731,17.12,4,0.4515,0.4230,0.4297,0.0067,0.0158,0.259
924,64.1020,58.035,17.12,4,0.4518,0.4246,0.4315,0.0069,0.0163,0.249
925,64.1732,58.144,17.12,4,0.4522,0.4260,0.4331,0.0071,0.0166,0.240
926,64.2433,57.650,17.12,4,0.4522,0.4274,0.4341,0.0067,0.0157,0.284
927,64.3131,56.692,17.12,4,0.4514,0.4278,0.4349,0.0071,0.0166,0.254
928,64.3839,57.382,17.12,4,0.4511,0.4283,0.4353,0.0069,0.0162,0.275
929,64.4543,57.636,17.12,4,0.4508,0.4288,0.4360,0.0072,0.0167,0.245
930,64.5257,58.116,17.12,4,0.4506,0.4292,0.4365,0.0073,0.0170,0.277
931,64.6088,58.547,17.12,4,0.4505,0.4294,0.4367,0.0073,0.0170,0.251
932,64.6782,56.727,17.12,4,0.4503,0.4295,0.4367,0.0072,0.0167,0.246
933,64.7475,57.097,17.12,4,0.4501,0.4295,0.4366,0.0071,0.0165,0.264
934,64.8142,54.706,17.12,4,0.4498,0.4294,0.4365,0.0071,0.0166,0.276
935,64.8807,54.308,17.12,4,0.4494,0.4294,0.4365,0.0071,0.0166,0.253
936,64.9472,54.233,17.12,4,0.4495,0.4295,0.4367,0.0071,0.0166,0.261
937,65.0139,54.483,17.12,4,0.4496,0.4297,0.4367,0.0070,0.0163,0.300
938,65.0805,54.330,17.16,4,0.4497,0.4299,0.4369,0.0069,0.0162,0.277
939,65.1473,54.335,17.16,4,0.4496,0.4295,0.4366,0.0070,0.0164,0.268
940,65.2140,54.499,17.16,4,0.4495,0.4288,0.4359,0.0071,0.0166,0.277
941,65.2806,54.171,17.16,4,0.4501,0.4292,0.4363,0.0071,0.0165,0.267
942,65.3474,54.430,17.16,4,0.4504,0.4291,0.4366,0.0076,0.0176,0.276
943,65.4143,54.513,17.16,4,0.4504,0.4291,0.4363,0.0072,0.0168,0.259
944,65.4809,54.249,17.16,4,0.4503,0.4286,0.4357,0.0071,0.0167,0.289
945,65.5519,58.049,17.16,4,0.4507,0.4283,0.4353,0.0070,0.0163,0.284
946,65.6234,58.846,17.16,4,0.4511,0.4280,0.4345,0.0065,0.0151,0.276
947,65.6900,54.264,17.16,4,0.4510,0.4278,0.4349,0.0071,0.0165,0.269
948,65.7565,54.163,17.16,4,0.4513,0.4265,0.4335,0.0069,0.0163,0.268
949,65.8233,53.900,17.16,4,0.4519,0.4250,0.4320,0.0070,0.0165,0.296
950,65.8904,54.341,17.16,4,0.4521,0.4241,0.4315,0.0074,0.0174,0.265
951,65.9568,54.039,17.16,4,0.4527,0.4248,0.4320,0.0072,0.0170,0.261
952,66.0246,55.285,17.16,4,0.4531,0.4249,0.4321,0.0072,0.0169,0.281
953,66.0933,56.243,17.16,4,0.4533,0.4246,0.4316,0.0070,0.0166,0.255
954,66.1618,55.836,17.16,4,0.4533,0.4248,0.4316,0.0068,0.0159,0.295
955,66.2302,56.272,17.16,4,0.4533,0.4247,0.4315,0.0068,0.0160,0.328
956,66.3000,56.811,17.16,4,0.4534,0.4251,0.4318,0.0067,0.0158,0.210
957,66.3703,57.791,17.16,4,0.4541,0.4261,0.4324,0.0064,0.0149,0.303
958,66.4397,56.851,17.16,4,0.4542,0.4267,0.4337,0.0070,0.0164,0.304
959,66.5086,56.164,17.16,4,0.4544,0.4270,0.4338,0.0068,0.0160,0.312
960,66.5769,56.075,17.16,4,0.4545,0.4271,0.4338,0.0067,0.0157,0.318
961,66.6575,56.205,17.16,4,0.4547,0.4273,0.4342,0.0070,0.0163,0.266
962,66.7260,55.985,17.16,4,0.4551,0.4281,0.4351,0.0070,0.0163,0.266
963,66.7944,56.293,17.16,4,0.4550,0.4280,0.4353,0.0073,0.0170,0.257
964,66.8603,53.870,17.16,4,0.4548,0.4280,0.4349,0.0069,0.0161,0.247
965,66.9265,53.757,17.16,4,0.4548,0.4283,0.4349,0.0066,0.0153,0.249
966,66.9929,54.132,17.16,4,0.4546,0.4285,0.4352,0.0067,0.0157,0.235
967,67.0593,53.699,17.16,4,0.4548,0.4295,0.4364,0.0069,0.0160,0.275
968,67.1254,53.744,17.21,4,0.4544,0.4303,0.4371,0.0068,0.0159,0.248
969,67.1919,54.178,17.21,4,0.4538,0.4298,0.4368,0.0070,0.0162,0.271
970,67.2581,53.883,17.21,4,0.4536,0.4296,0.4369,0.0072,0.0168,0.288
971,67.3240,53.749,17.21,4,0.4535,0.4292,0.4362,0.0070,0.0164,0.242
972,67.3906,54.161,17.21,4,0.4536,0.4290,0.4363,0.0073,0.0169,0.251
973,67.4568,53.891,17.21,4,0.4538,0.4290,0.4356,0.0066,0.0155,0.255
974,67.5230,53.973,17.21,4,0.4537,0.4288,0.4356,0.0069,0.0160,0.262
975,67.5923,57.082,17.21,4,0.4537,0.4286,0.4355,0.0069,0.0161,0.275
976,67.6607,56.076,17.21,4,0.4542,0.4287,0.4355,0.0069,0.0160,0.261
977,67.7278,54.708,17.21,4,0.4553,0.4291,0.4361,0.0070,0.0164,0.254
978,67.7944,54.206,17.30,4,0.4552,0.4293,0.4364,0.0071,0.0165,0.245
979,67.8604,53.779,17.33,4,0.4550,0.4280,0.4351,0.0071,0.0165,0.252
980,67.9263,53.785,17.33,4,0.4549,0.4278,0.4347,0.0069,0.0162,0.253
981,67.9926,54.085,17.33,4,0.4546,0.4273,0.4342,0.0068,0.0160,0.259
982,68.0599,54.713,17.33,4,0.4541,0.4269,0.4337,0.0069,0.0161,0.243
983,68.1290,56.955,17.33,4,0.4528,0.4259,0.4329,0.0069,0.0162,0.268
984,68.1990,57.433,17.33,4,0.4498,0.4238,0.4306,0.0068,0.0160,0.289
985,68.2689,57.467,17.33,4,0.4472,0.4221,0.4292,0.0071,0.0167,0.276
986,68.3391,57.712,17.33,4,0.4443,0.4201,0.4269,0.0068,0.0161,0.357
987,68.4083,56.785,17.33,4,0.4384,0.4114,0.4200,0.0086,0.0209,0.808
988,68.4774,57.095,17.33,4,0.4360,0.4058,0.4117,0.0058,0.0144,0.592
989,68.5471,57.231,17.33,4,0.4283,0.3987,0.4057,0.0070,0.0176,1.554
990,68.6173,58.017,17.33,4,0.4222,0.3983,0.4032,0.0049,0.0123,0.569
991,68.7005,57.861,17.33,4,0.4066,0.3898,0.3944,0.0045,0.0117,0.457
992,68.7713,57.533,17.33,4,1.4381,1.1482,0.3690,-0.7793,-0.6787,1.382
993,68.8416,57.161,17.33,4,0.3862,0.3730,0.3771,0.0041,0.0109,0.280
994,68.9073,53.372,17.36,4,0.3789,0.3661,0.3704,0.0042,0.0116,0.250
995,68.9738,54.066,17.36,4,0.3712,0.3590,0.3628,0.0038,0.0105,0.106
996,69.0402,53.887,17.36,4,0.3627,0.3481,0.3518,0.0037,0.0106,0.198
997,69.1068,53.971,17.36,4,0.3560,0.3430,0.3471,0.0040,0.0117,0.126
998,69.1742,53.956,17.36,4,0.3525,0.3449,0.3493,0.0043,0.0126,0.349
999,69.2422,54.378,17.36,4,0.3514,0.3476,0.3529,0.0053,0.0153,0.595
1000,69.3093,53.947,17.37,4,0.3534,0.3517,0.3564,0.0047,0.0135,0.192
1001,69.3757,53.907,17.37,,,,,,,
1002,69.4422,53.880,17.37,,,,,,,
1003,69.5086,53.994,17.38,4,0.3623,0.3520,0.3566,0.0046,0.0130,0.121
1004,69.5758,53.969,17.38,4,0.3604,0.3495,0.3538,0.0043,0.0122,0.173
1005,69.6453,56.580,17.38,4,0.3585,0.3477,0.3516,0.0039,0.0113,0.182
1006,69.7141,56.632,17.38,,,,,,,
1007,69.7812,54.433,17.39,,,,,,,
1008,69.8482,54.207,17.39,4,0.3693,0.3409,0.3464,0.0055,0.0162,0.419
1009,69.9151,54.441,17.39,,,,,,,
1010,69.9823,54.098,17.41,4,0.3842,0.3662,0.3717,0.0054,0.0148,0.269
1011,70.0503,54.431,17.40,4,0.3869,0.3634,0.3681,0.0047,0.0128,0.140
1012,70.1196,56.187,17.40,,,,,,,
1013,70.1902,57.241,17.40,,,,,,,
1014,70.2598,57.158,17.40,,,,,,,
1015,70.3299,57.156,17.40,4,0.3952,0.3761,0.3815,0.0054,0.0143,0.273
1016,70.4011,57.372,17.40,4,0.4034,0.3974,0.4031,0.0057,0.0143,0.252
1017,70.4730,57.832,17.40,4,0.4066,0.4016,0.4071,0.0054,0.0135,0.120
1018,70.5431,56.757,17.40,4,0.4070,0.3993,0.4053,0.0060,0.0150,0.102
1019,70.6149,58.234,17.40,4,0.4079,0.4000,0.4057,0.0058,0.0145,0.543
1020,70.6865,58.346,17.40,4,0.4078,0.3992,0.4054,0.0063,0.0157,0.143
1021,70.7691,57.577,17.40,4,0.4071,0.3947,0.4009,0.0062,0.0157,0.291
1022,70.8407,58.250,17.40,4,0.4072,0.3944,0.3995,0.0052,0.0131,0.205
1023,70.9117,57.155,17.40,4,0.4070,0.3912,0.3972,0.0060,0.0152,0.142
1024,70.9797,54.128,17.40,4,0.4065,0.3900,0.3956,0.0056,0.0143,0.162
1025,71.0470,54.102,17.40,4,0.4068,0.3905,0.3960,0.0055,0.0141,0.172
1026,71.1146,54.276,17.40,4,0.4067,0.3900,0.3955,0.0055,0.0142,0.160
1027,71.1818,53.948,17.40,4,0.4068,0.3898,0.3954,0.0056,0.0143,0.150
1028,71.2495,54.588,17.35,4,0.4067,0.3898,0.3955,0.0057,0.0147,0.144
1029,71.3169,53.935,17.35,4,0.4067,0.3898,0.3953,0.0055,0.0142,0.152
1030,71.3848,54.446,17.33,4,0.4067,0.3898,0.3950,0.0052,0.0134,0.140
1031,71.4527,54.334,17.33,4,0.4068,0.3898,0.3952,0.0054,0.0139,0.132
1032,71.5205,54.146,17.33,4,0.4066,0.3897,0.3957,0.0060,0.0154,0.168
1033,71.5881,53.864,17.33,4,0.4067,0.3897,0.3955,0.0057,0.0147,0.133
1034,71.6562,54.434,17.31,4,0.4066,0.3897,0.3952,0.0055,0.0140,0.138
1035,71.7272,57.279,17.31,4,0.4067,0.3897,0.3955,0.0058,0.0149,0.151
1036,71.7971,56.823,17.31,4,0.4066,0.3897,0.3954,0.0057,0.0147,0.151
1037,71.8643,53.861,17.33,4,0.4066,0.3897,0.3957,0.0060,0.0153,0.139
1038,71.9320,54.324,17.33,4,0.4066,0.3897,0.3954,0.0057,0.0146,0.150
1039,72.0000,54.157,17.33,4,0.4066,0.3897,0.3957,0.0060,0.0155,0.169
1040,72.0681,54.239,17.33,4,0.4066,0.3897,0.3957,0.0060,0.0155,0.173
1041,72.1359,54.179,17.33,4,0.4065,0.3896,0.3954,0.0058,0.0149,0.174
1042,72.2060,56.032,17.33,4,0.4066,0.3897,0.3952,0.0055,0.0142,0.173
1043,72.2765,56.875,17.33,4,0.4065,0.3896,0.3956,0.0060,0.0154,0.165
1044,72.3466,56.399,17.33,4,0.4066,0.3897,0.3956,0.0059,0.0152,0.166
1045,72.4171,56.817,17.33,4,0.4066,0.3896,0.3956,0.0060,0.0154,0.171
1046,72.4888,57.615,17.33,4,0.4066,0.3897,0.3953,0.0056,0.0145,0.132
1047,72.5593,56.793,17.33,4,0.4066,0.3897,0.3958,0.0062,0.0159,0.145
1048,72.6295,56.227,17.33,4,0.4066,0.3897,0.3956,0.0059,0.0153,0.156
1049,72.7008,57.296,17.33,4,0.4066,0.3897,0.3959,0.0062,0.0158,0.167
1050,72.7717,57.687,17.33,4,0.4066,0.3897,0.3955,0.0059,0.0150,0.150
1051,72.8538,57.253,17.33,4,0.4066,0.3896,0.3959,0.0062,0.0160,0.146
1052,72.9248,57.161,17.33,4,0.4066,0.3897,0.3953,0.0057,0.0145,0.150
1053,72.9950,56.516,17.33,4,0.4066,0.3897,0.3957,0.0061,0.0156,0.149
1054,73.0631,54.011,17.33,4,0.4066,0.3897,0.3954,0.0057,0.0146,0.160
1055,73.1307,54.283,17.33,4,0.4068,0.3898,0.3953,0.0055,0.0142,0.129
1056,73.1987,54.246,17.33,4,0.4067,0.3898,0.3954,0.0056,0.0143,0.147
1057,73.2657,53.855,17.33,4,0.4066,0.3897,0.3951,0.0054,0.0139,0.157
1058,73.3337,54.671,17.30,4,0.4066,0.3897,0.3955,0.0058,0.0149,0.143
1059,73.4007,53.937,17.30,4,0.4066,0.3897,0.3954,0.0057,0.0146,0.145
1060,73.4685,54.552,17.30,4,0.4066,0.3897,0.3957,0.0060,0.0155,0.152
1061,73.5365,54.525,17.30,4,0.4066,0.3897,0.3954,0.0057,0.0147,0.151
1062,73.6043,53.971,17.30,4,0.4066,0.3897,0.3955,0.0058,0.0150,0.154
1063,73.6715,54.164,17.30,4,0.4066,0.3897,0.3956,0.0060,0.0153,0.152
1064,73.7395,54.224,17.30,4,0.4066,0.3897,0.3956,0.0059,0.0151,0.137
1065,73.8105,57.363,17.30,4,0.4066,0.3897,0.3955,0.0058,0.0148,0.164
1066,73.8805,56.254,17.30,4,0.4066,0.3897,0.3956,0.0060,0.0153,0.166
1067,73.9480,53.862,17.30,4,0.4067,0.3897,0.3955,0.0057,0.0147,0.154
1068,74.0162,54.456,17.30,4,0.4066,0.3897,0.3957,0.0060,0.0153,0.149
1069,74.0841,53.994,17.30,4,0.4066,0.3897,0.3957,0.0060,0.0155,0.153
1070,74.1516,54.266,17.30,4,0.4066,0.3897,0.3955,0.0059,0.0150,0.146
1071,74.2191,54.031,17.30,4,0.4066,0.3897,0.3955,0.0058,0.0149,0.150
1072,74.2896,56.330,17.30,4,0.4066,0.3897,0.3958,0.0061,0.0156,0.148
1073,74.3600,56.611,17.30,4,0.4066,0.3897,0.3956,0.0059,0.0152,0.168
1074,74.4302,56.158,17.30,4,0.4066,0.3896,0.3956,0.0060,0.0153,0.163
1075,74.5008,56.783,17.30,4,0.4066,0.3897,0.3955,0.0059,0.0150,0.160
1076,74.5719,57.342,17.30,4,0.4066,0.3897,0.3952,0.0055,0.0142,0.152
1077,74.6426,56.848,17.30,4,0.4065,0.3896,0.3956,0.0060,0.0154,0.169
1078,74.7129,56.344,17.30,4,0.4066,0.3897,0.3953,0.0057,0.0145,0.176
1079,74.7825,56.200,17.30,4,0.4066,0.3897,0.3959,0.0063,0.0161,0.161
1080,74.8539,57.985,17.30,4,0.4066,0.3896,0.3953,0.0057,0.0146,0.162
1081,74.9357,57.114,17.30,4,0.4064,0.3895,0.3953,0.0058,0.0149,0.179
1082,75.0073,57.738,17.30,4,0.4066,0.3897,0.3955,0.0059,0.0150,0.171
1083,75.0766,56.168,17.30,4,0.4065,0.3896,0.3954,0.0058,0.0148,0.186
1084,75.1446,53.931,17.30,4,0.4065,0.3896,0.3952,0.0056,0.0144,0.192
1085,75.2136,54.533,17.29,4,0.4065,0.3896,0.3954,0.0058,0.0149,0.156
1086,75.2825,53.920,17.29,4,0.4065,0.3896,0.3954,0.0058,0.0150,0.187
1087,75.3509,54.416,17.29,4,0.4065,0.3896,0.3955,0.0059,0.0152,0.162
1088,75.4190,54.606,17.30,4,0.4065,0.3896,0.3954,0.0058,0.0149,0.153
1089,75.4869,54.437,17.30,4,0.4066,0.3897,0.3954,0.0057,0.0146,0.163
1090,75.5553,54.185,17.30,4,0.4066,0.3896,0.3956,0.0060,0.0154,0.174
1091,75.6237,54.032,17.30,4,0.4066,0.3896,0.3954,0.0057,0.0147,0.154
1092,75.6912,54.064,17.30,4,0.4066,0.3896,0.3954,0.0058,0.0148,0.161
1093,75.7591,53.887,17.30,4,0.4066,0.3897,0.3957,0.0060,0.0155,0.165
1094,75.8267,53.774,17.30,4,0.4066,0.3897,0.3954,0.0058,0.0148,0.165
1095,75.9011,59.474,17.30,4,0.4065,0.3896,0.3956,0.0060,0.0155,0.150
1096,75.9740,57.915,17.30,4,0.4066,0.3897,0.3958,0.0062,0.0158,0.163
1097,76.0417,53.271,17.30,4,0.4065,0.3896,0.3954,0.0058,0.0150,0.163
1098,76.1100,54.310,17.30,4,0.4065,0.3896,0.3956,0.0060,0.0155,0.163
1099,76.1778,53.980,17.30,4,0.4065,0.3896,0.3956,0.0060,0.0154,0.167
1100,76.2455,54.103,17.30,4,0.4066,0.3897,0.3959,0.0062,0.0159,0.146
1101,76.3132,54.181,17.30,4,0.4066,0.3897,0.3957,0.0061,0.0156,0.150
1102,76.3819,55.496,17.30,4,0.4066,0.3897,0.3957,0.0061,0.0156,0.141
1103,76.4532,57.500,17.30,4,0.4065,0.3896,0.3954,0.0058,0.0149,0.170
1104,76.5238,56.484,17.30,4,0.4065,0.3896,0.3954,0.0058,0.0149,0.153
1105,76.5939,56.228,17.30,4,0.4066,0.3897,0.3958,0.0062,0.0158,0.148
